Workbook

Sheet Revision History
A1: Revision | B1: Date | C1: Name | D1: Description
A2: 0.1
A3: 0.2 | B3: 2017-11-02 | C3: Simon Gallimore | D3: Updated formating after feedback. Fixed VREF fields and added additional SRAM fields.
A4: 0.3 | B4: 2017-11-06 | C4: Simon Gallimore | D4: Updates after feedback from integration.
A5: 0.4 | B5: 2017-11-30 | C5: Simon Gallimore | D5: Updated with SCG and SPC details.
A6: 0.5 | B6: 2018-01-26 | C6: Simon Gallimore | D6: Reorganized to push SRAM repair to last IFR fields, added phantom fields, added device ID field.
A7: 0.6 | B7: 2018-04-11 | C7: Simon Gallimore | D7: Updated with new SCG, SPC, MTR, RF fields.
A8: 0.7 | B8: 2018-08-03 | C8: Simon Gallimore | D8: Updated for K4F1 with new SPC fields.
A9: 0.8 | B9: 2018-08-24 | C9: Simon Gallimore | D9: Updated with new SPC and MTR Repair fields.
A10: 0.9 | B10: 2018-09-12 | C10: Simon Gallimore | D10: Updated CMC trim for SRAM read/write margin/assist, added USB VREG trim and updated SPC trims.
A11: 0.10 | B11: 2018-09-19 | C11: Simon Gallimore | D11: Updated SRAM instance names
A12: 0.11 | B12: 2018-09-25 | C12: Simon Gallimore | D12: Updated SRAM pin names
A13: 0.12 | B13: 2018-10-11 | C13: Simon Gallimore | D13: Updated SRAM pin names
A14: 0.12 | B14: 2018-11-01 | C14: Simon Gallimore | D14: Fixed typo
A15: 1.0 | B15: 2019-08-26 | C15: Simon Gallimore | D15: Updated with MSF trim fields from Brian Cook
... A25: 0.09 | B25: 2021-9-1 | C25: Eric Wu | D25: Update default value of soctrim0~7 Update the connection of DEVICE ID/DEVICE TYPE/DIE ID
A26: 0.1 | B26: 2021-9-2 | C26: Eric Wu | D26: Update USB HS PHY default trim value
A27: 0.11 | B27: 2021-9-6 | C27: Eric Wu | D27: update MSF default trim values based on NMV team's feedback.
A28: 0.12 | B28: 2021-9-9 | C28: Durgesh Pattamatta | D28: Updated IFR0 flash address values.
A29: 0.13 | B29: 2021-9-15 | C29: Eric Wu | D29: Add nirvana1_phantom table to show registers' configuration in different phantom options
A30: 0.14 | B30: 2021-10-12 | C30: Eric Wu | D30: In phantom table, Nxx2,Nxx4,Nxx3 and Nxx1 RAM size configuration should be same
A31: 0.15 | B31: 2021-10-13 | C31: Durgesh Pattamatta | D31: Added non-secure IFR0 worksheet.
A32: 0.15 | B32: 2021-11-10 | C32: Eric Wu | D32: In RTL, soctrim0[87:80] is connected to syscon_device_id0[7:0]
A33: 0.16 | B33: 2021-11-18 | C33: Eric Wu | D33: Updated SPC soctrim default vaule based on SoC team's latest configuration. Updated nirvana1_phantom table basedon marketing's latest udpate on part number configuration. And fix an error of S50 configuartion in non-secure part
A34: 0.17 | B34: 2021-11-18 | C34: Saurabh Jagdhane | D34: Updated byte order of Root of Trust Keys Table hash to align with fusemap.
A35: 0.18 | B35: 2021-11-18 | C35: Eric Wu | D35: Add address information of scotrim1 in nirvana1_phantom table.
A36: 0.18 | B36: 44518 | C36: Eric Wu | D36: Add part number columns in nirvana1_ifr1 table
A37: 0.19 | B37: 44544 | C37: Eric Wu | D37: Fix the address error of Peripheral_EN and MISC_Phantom in nirvana1_phantom table, to align with nirvana1_ifr1 table
A38: 0.2 | B38: 44565 | C38: Eric Wu | D38: CM33_CFG_SEC_EXT[3:0] is 0xA in non-secure phantom
A39: 0.21 | B39: 44567 | C39: Eric Wu | D39: Enable S50/OPTC/GDET0,1 in ns phantom per ROM teams requiremnt
A40: 0.22 | B40: 44601 | C40: Eric Wu | D40: There is 1x CAN in NX3xx, NX5xx, and FD is disabled in NX3xx Prince and IPED should be disabled in NS phantom
A41: 0.23 | B41: 44601 | C41: Durgesh Pattamatta | D41: Added ISP_USB_CUST field to CMPA section.
C42: Eric Wu | D42: Split FRO16 trim to freq and temp trim per PE/TE's request. Change line 168 to spc_coreldo_vtrim_underdrive(middrive)_ifr_value
C43: Eric Wu | D43: Split tamper field to individual trim per PE/TE's request
A44: 0.24 | B44: 44803 | C44: Roy Chen | D44: Delete the UART_BAUD_RATE and Update the CAN_BAUD_RATE note.
A45: 0.25 | B45: 16/10/2022 | C45: Alex Qiu | D45: Add the REC_BOOT_PIN_CUST field in CMPA for recovery boot pin resetting
A46: 0.26 | B46: 44987 | C46: Eric Wu | D46: spc_coreldo_cfg_idrv_sel_ifr_value is updated to 4'h6 to provide 100mA (120mA at hot temperature) drive strength SOCTRIM5[49:48] controls SRAM read_assist pin in MD mode. It is updated to 2'b01 in TS_CLN40ULPEF_NXP_EDLVSPRAM compiler 1.01.00
A47: 0.27 | B47: 44972 | C47: Durgesh Pattamatta | D47: Added "GDET config" worksheet. Added "EXT_VOLT_SEL" field in CMPA for initial GDET configuration mode selection.
A48: 0.28 | B48: 44991 | C48: Durgesh Pattamatta | D48: Added description for fields reported in SE review for UM release.
A49: 0.29 | B49: 45019 | C49: Durgesh Pattamatta | D49: Added "TRNG config" worksheet.
A50: 0.3 | B50: 45035 | C50: Eric Wu | D50: Add Peripheral_EN0~EN3, Misc Phantom, Flash Size Tabs. Provide configuration for different phantom options. The configuration is based on https://nxp1.sharepoint.com/:x:/r/sites/MCUlibrary/_layouts/15/Doc.aspx?sourcedoc=%7B0984940D-AA4E-4446-9701-216C727971A9%7D&file=MCX%20N10_N11_Config%20Table%20v1.xlsx&wdLOR=c49779874-8A08-4175-9BF7-708786AF57DE&action=default&mobileredirect=true
A51: 0.31 | B51: 45036 | C51: Melissa Hunter | D51: Edits during working session
A52: 0.32 | B52: 45077 | C52: Durgesh Pattamatta | D52: Edits done to "nirvana1_IFR0(Customer)" sheet during working session. Added IFR1 (customer) worksheet.
A53: 0.33 | B53: 45091 | C53: Melissa Hunter | D53: Minor edits to close out some items discussed during working sessions.
A54: 0.34 | B54: 45107 | C54: Melissa Hunter | D54: Updated NPX_LOCK_CTXn and REGn_ERASE_CHECK descriptions
A55: 0.35 | B55: 45112 | C55: Melissa Hunter | D55: Changed FLASH_REMAP_SZ to FLASH_REMAP_SIZE
A56: 0.36 | B56: 45163 | C56: Eric Wu | D56: Enable TCU in peripheral en for provisioning FW. Enable ATX for FA in bench test.
A57: 0.37 | B57: 45183 | C57: Melissa Hunter | D57: Updated EXT_XTAL_CLK description to show correct dividers for the 24 and 32 MHz options
... A81: 0.6 | B81: 45667 | C81: Eric Wu | D81: Fix TKT0661801
B82: 45669 | C82: Eric Wu | D82: Add phantom configuration for CSP package. Confirmed with Ming, CSP phantom configuration is same with bga184.
B83: 45712 | C83: Eric Wu | D83: Fix TKT0671678
B84: 45715 | C84: Eric Wu | D84: Fix TKT0651232
A85: 2 | B85: 45785 | C85: Durgesh Pattamatta | D85: Initial version of Diana (A2.0) based on N10 A1 IFR map file
A86: 2.01 | B86: 45803 | C86: Eric Wu | D86: MCXN947VABR is CSP123. Pin number in DEVICE Type is 0x7B. Fix the error.
A87: 2.02 | B87: 45805 | C87: Durgesh Pattamatta | D87: Changed FIPS_CMAC_STEN to FIPS_HMAC_STEN.
A88: 2.03 | B88: 45835 | C88: Eric Wu | D88: Add part number N556/N527/N526 to phantom tables
A89: 2.04 | B89: 45841 | C89: Roy Chen | D89: In the IFR0(customer) page, Deleted the FlexSPI and FlexCAN related fileds(grey), and added the new fileds for Diana usage(Green): DICE_KEY_UPD_ALIAS, DICE_CSR_SRAM_ADDR, DICE_ALIAS_KEY_SRAM_ADDR, CHALLENGE
A90: 2.05 | B90: 45841 | C90: Eric Wu | D90: Disable CAN1 in N556 per CR21
A91: 2.06 | B91: 45852 | C91: Eric Wu | D91: Add N24x N52x doesn't support CAN
A92: 2.07 | B92: 45855 | C92: Eric Wu | D92: Confirmed with marketing 3x OPAMP in N24x EVTG/FlexPWM/ENC/DMIC/SAI are disabled in N52x Enable 2x CAN in N24x, fix the error. Add N53x
A93: 2.08 | B93: 7/`8/2025 | C93: Eric Wu | D93: Remove Mailbox and SEMA42 from N24x, becasue N24x is single core.
A94: 2.09 | B94: 45873 | C94: Eric Wu | D94: Add CAN1/EMVSIM/ENET to N556. Remove DAC2/OPAMP/CMP2/PLU from N556 Remove PQ from N247. Enable EMVSIM for N247 Remove NEUTRON/ENC from N527/526 Add MCXN527VABR Disable OPAMP1/2 in N52x/N53x/N247 100HLQFP, becasue it is not bonded out. It is updated based on https://nxp1.sharepoint.com/:x:/r/sites/mcuteam/_layouts/15/Doc.aspx?sourcedoc=%7B51FB3A1F-9D79-42A9-9109-8DBE9BB060F3%7D&file=MCX%20Part%20Number%20Full%20Table%20-%20shared.xlsx&wdOrigin=TEAMS-MAGLEV.p2p_ns.rwc&action=default&mobileredirect=true
A95: 2.1 | B95: 45888 | C95: Eric Wu | D95: Add package assembly type
A96: 2.11 | B96: 45891 | C96: Eric Wu | D96: Fix the error of nirvana1_phantom N556 DEVICE_ID.RAM_SIZE and DEVICE_ID.FLASH_SIZE
A97: 2.12 | B97: 45898 | C97: Eric Wu | D97: DEVICE_TYPE[17] is used to show availability of PQC function. ROM Path Version of N556S is changed to 0, becasue N556S uses new 2p02g mask set.
A98: 2.13 | B98: 45901 | C98: Eric Wu | D98: Fix soctrim0 119~116 typo in IFR1 table line 111
A99: 2.14 | B99: 45903 | C99: Durgesh Pattamatta | D99: Updated CAN_ISP and DICE fields in IFR0 to reserved field for Diana.
A100: 2.15 | B100: 45917 | C100: Eric Wu | D100: spc_coreldo_cfg_idrv_sel_ifr_value default value is changed to f for for 2P02G(MCXN556SCDFT) syscon_device_type[17] should be 0x180C[17] in phantom table. Fix the typo. create IFR1 and Phantom table for mask set 1P02G and 2P02G.
A101: 2.16 | B101: 45926 | C101: Roy Chen | D101: Removed the flexspi boot src, and update the DICE_CSR_SRAM_ADDR and DICE_ALIAS_KEY_SRAM_ADDR
A102: 2.17 | B102: 45939 | C102: Roy Chen | D102: Removed the FlexCAN related fields in IFR0(Customer), Change the FLEXSPI_BOOT_CFG to FLEXSPI_CFG
A103: 2.18 | B103: 45939 | C103: Eric Wu | D103: Add N557 to phantom table
A104: 2.19 | B104: 45939 | C104: Eric Wu | D104: Add mask set number to IFR1(customer)
A105: 2.2 | B105: 45940 | C105: Roy Chen | D105: Removed the PQC_ROTK_en bits in the CFPA
... A121: 2.9 | B121: 46181 | C121: Durgesh Pattamatta | D121: In Sheet IFR0 (customer 2P02G): Renamed the field CMPA->Challenge to CUST_ID to align the field usage and description.

Sheet Flash layout
G8: Start Address
G9: 0x0000_0000 | H9: Bank0_user - Image 0
M10: Regular flash programmable through APB & AHB register interface
M11: Indexed flash only programmable through FMU Test port registers. Available only during NXP lifecycle states.
H17: Bank0_unswaped
G20: 0x0010_0000 | H20: Bank 1 - Image 1
H25: Bank1_unswapped
G30: 0x0100_0000 | H30: Bank0_IFR0_CFPA_0 (8KB)
G31: 0x0100_2000 | H31: Bank0_IFR0_CFPA_1 (8KB)
G32: 0x0100_4000 | H32: Bank0_IFR0_CMPA (8KB)
G33: 0x0100_6000 | H33: Bank0_IFR0_NMPA (8KB) | I33: NXP ROM extension: - OSCCA boot, - EL2GO service library: infield provisioning, MAD recovery - NXP CMAC (last 128 bits)
G34: 0x0100_8000 | H34: SBL - Bank1_IFR0 (32KB) | I34: Customer RoT or NXP recovery - ECDSA verify (Cust_RoT, Cust) - Direct_boot selectable by OTP field - Similar to Bank0_IFR0 four separate 8KB MBC sectors are present to configure access control permissions.
G36: 0x0110_0000 | H36: Bank0_IFR1_VISIBLE (4KB) | I36: Trim + ROM patch + PUF helper data Only programmable by ATE | L36: 0x02010000 - 0x02010C00 | M36: Identity data- Activation
L37: 0x02010C00 - 0x020117FF | M37: MSF array 0 + Test data
H38: Bank0_IFR1_HIDDEN(4KB) | L38: 0x02011800 - 0x020118FF | M38: Soc Trim
K39: 1.5K | L39: 0x02011900 - 0x02012000 | M39: ROM patch
G40: 0x0110_2000 | H40: Bank1_IFR1_HIDDEN (8KB) | K40: 3KB | L40: 0x02012000 - 0x02012DFF | M40: ROM patch
L41: 0x02012E00 - 0x02012FFF | M41: MSF array 1 + Test data
K42: 4KB | L42: 0x02013000 - 0x02013FFF | M42: ROM patch 2

Sheet IFR0 (customer 2P02G)
A1: Protected Flash Region | E1: 31 | F1: =E1-1 -> 30 | G1: =F1-1 -> 29 | H1: =G1-1 -> 28 | I1: =H1-1 -> 27 | J1: =I1-1 -> 26 | K1: =J1-1 -> 25 | L1: =K1-1 -> 24 | M1: =L1-1 -> 23 | ... AJ1: =AI1-1 -> 0
E3: +3 | M3: +2 | U3: +1 | AC3: +0
E4: 31 | F4: =E4-1 -> 30 | G4: =F4-1 -> 29 | H4: =G4-1 -> 28 | I4: =H4-1 -> 27 | J4: =I4-1 -> 26 | K4: =J4-1 -> 25 | L4: =K4-1 -> 24 | M4: =L4-1 -> 23 | ... AJ4: =AI4-1 -> 0
B5: Word Address (HEX) | C5: Byte Address (HEX) | D5: Field Description
A6: Customer Field Programmable Area (CFPA) | B6: 100000 | C6: =DEC2HEX(HEX2DEC($B$6)*16, 8) -> 01000000 | D6: Header | E6: Header | U6: INV_CFPA_LC_STATE[7:0] | AC6: CFPA_LC_STATE[7:0]
C7: =DEC2HEX(HEX2DEC(C6) + 4, 8) -> 01000004 | D7: CFPA_PAGE_VERSION | E7: DICE_UPD | F7: DICE_KEY_UPD_ALIAS | G7: CMPA_UPD | J7: Reserved | K7: IMG_UPD | M7: CFPA page version (Monotonic counter)
C8: =DEC2HEX(HEX2DEC(C7) + 4, 8) -> 01000008 | D8: Secure_FW_Version | E8: Reserved | U8: Secure firmware version (Monotonic counter)
C9: =DEC2HEX(HEX2DEC(C8) + 4, 8) -> 0100000C | D9: NS_FW_Version | E9: Non Secure firmware version (Monotonic counter)
B10: =DEC2HEX(HEX2DEC(B6) + 1) -> 100001 | C10: =DEC2HEX(HEX2DEC(C9) + 4, 8) -> 01000010 | D10: reserved | E10: Reserved for future use.
C11: =DEC2HEX(HEX2DEC(C10) + 4, 8) -> 01000014 | D11: SECBOOT_FLAGS | E11: OEM_RETURN_ERASE_DONE | I11: Reserved | AC11: RoTK3_EN | AE11: RoTK2_EN | AG11: RoTK1_EN | AI11: RoTK0_EN
C12: =DEC2HEX(HEX2DEC(C11) + 4, 8) -> 01000018 | D12: IMAGE_KEY_REVOKE | E12: RESERVED | M12: Image key revocation ID (Monotonic counter)
C13: =DEC2HEX(HEX2DEC(C12) + 4, 8) -> 0100001C | D13: LP_VECTOR_ADDR | E13: LP_VECTOR_ADDR
B14: =DEC2HEX(HEX2DEC(B10) + 1) -> 100002 | C14: =DEC2HEX(HEX2DEC(C13) + 4, 8) -> 01000020 | D14: DBG_REVOKE_VU | E14: Inverse value of [15:0] | U14: Debug certificate revocation counter (monotonic counter)
C15: =DEC2HEX(HEX2DEC(C14) + 4, 8) -> 01000024 | D15: DCFG_CC_SOCU_NS_PIN | E15: Inverse value of [15:0] | U15: UUID_CHECK | Z15: CPU1_DBGEN | AA15: CPU1_NIDEN | AB15: ME_CMD_EN | AC15: FA_CMD_EN | AD15: ISP_CMD_EN | AE15: DSP_DBGEN | AF15: 0 | AG15: SPIDEN | AH15: SPNIDEN | AI15: DBGEN | AJ15: NIDEN
C16: =DEC2HEX(HEX2DEC(C15) + 4, 8) -> 01000028 | D16: DCFG_CC_SOCU_NS_DFLT | E16: Inverse value of [15:0] | Z16: CPU1_DBGEN | AA16: CPU1_NIDEN | AB16: ME_CMD_EN | AC16: FA_CMD_EN | AD16: ISP_CMD_EN | AE16: DSP_DBGEN | AF16: 0 | AG16: SPIDEN | AH16: SPNIDEN | AI16: DBGEN | AJ16: NIDEN
C17: =DEC2HEX(HEX2DEC(C16) + 4, 8) -> 0100002C | D17: reserved | E17: Reserved
B18: =DEC2HEX(HEX2DEC(B14) + 1) -> 100003 | C18: =DEC2HEX(HEX2DEC(C17) + 4, 8) -> 01000030 | D18: MCTR_NPX_CTX0 | E18: Erase count for internal Prince region 0 (Monotonic counter)
C19: =DEC2HEX(HEX2DEC(C18) + 4, 8) -> 01000034 | D19: MCTR_NPX_CTX1 | E19: Erase count for internal Prince region 1 (Monotonic counter)
C20: =DEC2HEX(HEX2DEC(C19) + 4, 8) -> 01000038 | D20: MCTR_NPX_CTX2 | E20: Erase count for internal Prince region 2 (Monotonic counter)
C21: =DEC2HEX(HEX2DEC(C20) + 4, 8) -> 0100003C | D21: MCTR_NPX_CTX3 | E21: Erase count for internal Prince region 3 (Monotonic counter)
B22: =DEC2HEX(HEX2DEC(B18) + 1) -> 100004 | C22: =DEC2HEX(HEX2DEC(C21) + 4, 8) -> 01000040 | D22: MCTR_IPED_CTX0 | E22: Erase count for external Prince region 0 (Monotonic counter)
C23: =DEC2HEX(HEX2DEC(C22) + 4, 8) -> 01000044 | D23: MCTR_IPED_CTX1 | E23: Erase count for external Prince region 1 (Monotonic counter)
C24: =DEC2HEX(HEX2DEC(C23) + 4, 8) -> 01000048 | D24: MCTR_IPED_CTX2 | E24: Erase count for external Prince region 2 (Monotonic counter)
C25: =DEC2HEX(HEX2DEC(C24) + 4, 8) -> 0100004C | D25: MCTR_IPED_CTX3 | E25: Erase count for external Prince region 3 (Monotonic counter)
B26: =DEC2HEX(HEX2DEC(B22) + 1) -> 100005 | C26: =DEC2HEX(HEX2DEC(C25) + 4, 8) -> 01000050 | D26: MCTR_IPED_CTX4 | E26: Erase count for external Prince region 4 (Monotonic counter)
C27: =DEC2HEX(HEX2DEC(C26) + 4, 8) -> 01000054 | D27: MCTR_IPED_CTX5 | E27: Erase count for external Prince region 5 (Monotonic counter)
C28: =DEC2HEX(HEX2DEC(C27) + 4, 8) -> 01000058 | D28: MCTR_IPED_CTX6 | E28: Erase count for external Prince region 6 (Monotonic counter)
C29: =DEC2HEX(HEX2DEC(C28) + 4, 8) -> 0100005C | D29: MCTR_IPED_CTX7 | E29: Erase count for external Prince region 7 (Monotonic counter)
B30: =DEC2HEX(HEX2DEC(B26) + 1) -> 100006 | C30: =DEC2HEX(HEX2DEC(C29) + 4, 8) -> 01000060 | D30: ERR_AUTH_FAIL_COUNT | E30: Authentication failure counter during boot, SB3, debug authentication (Monotonic counter)
C31: =DEC2HEX(HEX2DEC(C30) + 4, 8) -> 01000064 | D31: ERR_ITRC_COUNT | E31: Tamper event counter (Any ITRC reset caused by tamper events such as WDT reset, CDOG reset, GDET reset, Tamper pin) (Monotonic counter)
C32: =DEC2HEX(HEX2DEC(C31) + 4, 8) -> 01000068 | D32: reserved | E32: Reserved for future use.
C33: =DEC2HEX(HEX2DEC(C32) + 4, 8) -> 0100006C | D33: reserved | E33: Reserved for future use.
B34: =DEC2HEX(HEX2DEC(B30) + 1) -> 100007 | C34: =DEC2HEX(HEX2DEC(C33) + 4, 8) -> 01000070 | D34: reserved | E34: Reserved for future use.
C35: =DEC2HEX(HEX2DEC(C34) + 4, 8) -> 01000074 | D35: reserved | E35: Reserved for future use.
C36: =DEC2HEX(HEX2DEC(C35) + 4, 8) -> 01000078 | D36: reserved | E36: Reserved for future use.
C37: =DEC2HEX(HEX2DEC(C36) + 4, 8) -> 0100007C | D37: reserved | E37: Reserved for future use.
B38: =DEC2HEX(HEX2DEC(B34) + 1) -> 100008 | C38: =DEC2HEX(HEX2DEC(C37) + 4, 8) -> 01000080 | D38: MCTR_CUST_CTR0 | E38: Customer defined Monotonic counter 0
C39: =DEC2HEX(HEX2DEC(C38) + 4, 8) -> 01000084 | D39: MCTR_CUST_CTR1 | E39: Customer defined Monotonic counter 1
C40: =DEC2HEX(HEX2DEC(C39) + 4, 8) -> 01000088 | D40: MCTR_CUST_CTR2 | E40: Customer defined Monotonic counter 2
C41: =DEC2HEX(HEX2DEC(C40) + 4, 8) -> 0100008C | D41: MCTR_CUST_CTR3 | E41: Customer defined Monotonic counter 3
B42: =DEC2HEX(HEX2DEC(B38) + 1) -> 100009 | C42: =DEC2HEX(HEX2DEC(C41) + 4, 8) -> 01000090 | D42: MCTR_CUST_CTR4 | E42: Customer defined Monotonic counter 4
C43: =DEC2HEX(HEX2DEC(C42) + 4, 8) -> 01000094 | D43: MCTR_CUST_CTR5 | E43: Customer defined Monotonic counter 5
C44: =DEC2HEX(HEX2DEC(C43) + 4, 8) -> 01000098 | D44: MCTR_CUST_CTR6 | E44: Customer defined Monotonic counter 6
C45: =DEC2HEX(HEX2DEC(C44) + 4, 8) -> 0100009C | D45: MCTR_CUST_CTR7 | E45: Customer defined Monotonic counter 7
B46: =DEC2HEX(HEX2DEC(B42) + 1) -> 10000A | C46: =DEC2HEX(HEX2DEC(C45) + 4, 8) -> 010000A0 | D46: MFLAG_CUST_0 | E46: Customer defined Monotonic flags 0 (once a bit is set the newer version of the page should have the flag set.)
C47: =DEC2HEX(HEX2DEC(C46) + 4, 8) -> 010000A4 | D47: MFLAG_CUST_1 | E47: Customer defined Monotonic flags 1
C48: =DEC2HEX(HEX2DEC(C47) + 4, 8) -> 010000A8 | D48: MFLAG_CUST_2 | E48: Customer defined Monotonic flags 2
C49: =DEC2HEX(HEX2DEC(C48) + 4, 8) -> 010000AC | D49: MFLAG_CUST_3 | E49: Customer defined Monotonic flags 3
B50: =DEC2HEX(HEX2DEC(B46) + 1) -> 10000B | C50: =DEC2HEX(HEX2DEC(C49) + 4, 8) -> 010000B0 | D50: MFLAG_CUST_4 | E50: Customer defined Monotonic flags 4
C51: =DEC2HEX(HEX2DEC(C50) + 4, 8) -> 010000B4 | D51: MFLAG_CUST_5 | E51: Customer defined Monotonic flags 5
C52: =DEC2HEX(HEX2DEC(C51) + 4, 8) -> 010000B8 | D52: MFLAG_CUST_6 | E52: Customer defined Monotonic flags 6
C53: =DEC2HEX(HEX2DEC(C52) + 4, 8) -> 010000BC | D53: MFLAG_CUST_7 | E53: Customer defined Monotonic flags 7
B54: =DEC2HEX(HEX2DEC(B50) + 1) -> 10000C | C54: =DEC2HEX(HEX2DEC(C53) + 4, 8) -> 010000C0 | D54: FLASH_ACL_0_7 | F54: ACL_SEC_7 | J54: ACL_SEC_6 | N54: ACL_SEC_5 | R54: ACL_SEC_4 | V54: ACL_SEC_3 | Z54: ACL_SEC_2 | AD54: ACL_SEC_1 | AH54: ACL_SEC_0
C55: =DEC2HEX(HEX2DEC(C54) + 4, 8) -> 010000C4 | D55: FLASH_ACL_8_15 | F55: ACL_SEC_15 | J55: ACL_SEC_14 | N55: ACL_SEC_13 | R55: ACL_SEC_12 | V55: ACL_SEC_11 | Z55: ACL_SEC_10 | AD55: ACL_SEC_9 | AH55: ACL_SEC_8
C56: =DEC2HEX(HEX2DEC(C55) + 4, 8) -> 010000C8 | D56: FLASH_ACL_16_23 | F56: ACL_SEC_23 | J56: ACL_SEC_22 | N56: ACL_SEC_21 | R56: ACL_SEC_20 | V56: ACL_SEC_19 | Z56: ACL_SEC_18 | AD56: ACL_SEC_17 | AH56: ACL_SEC_16
C57: =DEC2HEX(HEX2DEC(C56) + 4, 8) -> 010000CC | D57: FLASH_ACL_24_31 | F57: ACL_SEC_31 | J57: ACL_SEC_30 | N57: ACL_SEC_29 | R57: ACL_SEC_28 | V57: ACL_SEC_27 | Z57: ACL_SEC_26 | AD57: ACL_SEC_25 | AH57: ACL_SEC_24
B58: =DEC2HEX(HEX2DEC(B54) + 1) -> 10000D | C58: =DEC2HEX(HEX2DEC(C57) + 4, 8) -> 010000D0 | D58: FLASH_ACL_32_39 | F58: ACL_SEC_39 | J58: ACL_SEC_38 | N58: ACL_SEC_37 | R58: ACL_SEC_36 | V58: ACL_SEC_35 | Z58: ACL_SEC_34 | AD58: ACL_SEC_33 | AH58: ACL_SEC_32
C59: =DEC2HEX(HEX2DEC(C58) + 4, 8) -> 010000D4 | D59: FLASH_ACL_40_47 | F59: ACL_SEC_47 | J59: ACL_SEC_46 | N59: ACL_SEC_45 | R59: ACL_SEC_44 | V59: ACL_SEC_43 | Z59: ACL_SEC_42 | AD59: ACL_SEC_41 | AH59: ACL_SEC_40
C60: =DEC2HEX(HEX2DEC(C59) + 4, 8) -> 010000D8 | D60: FLASH_ACL_48_55 | F60: ACL_SEC_55 | J60: ACL_SEC_54 | N60: ACL_SEC_53 | R60: ACL_SEC_52 | V60: ACL_SEC_51 | Z60: ACL_SEC_50 | AD60: ACL_SEC_49 | AH60: ACL_SEC_48
C61: =DEC2HEX(HEX2DEC(C60) + 4, 8) -> 010000DC | D61: FLASH_ACL_55_63 | F61: ACL_SEC_63 | J61: ACL_SEC_62 | N61: ACL_SEC_61 | R61: ACL_SEC_60 | V61: ACL_SEC_59 | Z61: ACL_SEC_58 | AD61: ACL_SEC_57 | AH61: ACL_SEC_56
B62: =DEC2HEX(HEX2DEC(B58) + 1) -> 10000E | C62: =DEC2HEX(HEX2DEC(C61) + 4, 8) -> 010000E0 | D62: IMG0_CMAC | E62: IMG0_CMAC[31:0]
C63: =DEC2HEX(HEX2DEC(C62) + 4, 8) -> 010000E4 | D63: IMG0_CMAC | E63: IMG0_CMAC[63:32]
C64: =DEC2HEX(HEX2DEC(C63) + 4, 8) -> 010000E8 | D64: IMG0_CMAC | E64: IMG0_CMAC[95:64]
C65: =DEC2HEX(HEX2DEC(C64) + 4, 8) -> 010000EC | D65: IMG0_CMAC | E65: IMG0_CMAC[127:96]
B66: =DEC2HEX(HEX2DEC(B62) + 1) -> 10000F | C66: =DEC2HEX(HEX2DEC(C65) + 4, 8) -> 010000F0 | D66: IMG1_CMAC | E66: IMG1_CMAC[31:0]
C67: =DEC2HEX(HEX2DEC(C66) + 4, 8) -> 010000F4 | D67: IMG1_CMAC | E67: IMG1_CMAC[63:32]
C68: =DEC2HEX(HEX2DEC(C67) + 4, 8) -> 010000F8 | D68: IMG1_CMAC | E68: IMG1_CMAC[95:64]
C69: =DEC2HEX(HEX2DEC(C68) + 4, 8) -> 010000FC | D69: IMG1_CMAC | E69: IMG1_CMAC[127:96]
B70: =DEC2HEX(HEX2DEC(B66) + 1) -> 100010 | C70: =DEC2HEX(HEX2DEC(C69) + 4, 8) -> 01000100 | D70: reserved | E70: Reserved for future use.
C71: =DEC2HEX(HEX2DEC(C70) + 4, 8) -> 01000104 | D71: reserved | E71: Reserved for future use.
C72: =DEC2HEX(HEX2DEC(C71) + 4, 8) -> 01000108 | D72: reserved | E72: Reserved for future use.
C73: =DEC2HEX(HEX2DEC(C72) + 4, 8) -> 0100010C | D73: reserved | E73: Reserved for future use.
B74: =DEC2HEX(HEX2DEC(B70) + 1) -> 100011 | C74: =DEC2HEX(HEX2DEC(C73) + 4, 8) -> 01000110 | D74: reserved | E74: Reserved for future use.
C75: =DEC2HEX(HEX2DEC(C74) + 4, 8) -> 01000114 | D75: reserved | E75: Reserved for future use.
C76: =DEC2HEX(HEX2DEC(C75) + 4, 8) -> 01000118 | D76: reserved | E76: Reserved for future use.
C77: =DEC2HEX(HEX2DEC(C76) + 4, 8) -> 0100011C | D77: reserved | E77: Reserved for future use.
B78: =DEC2HEX(HEX2DEC(B74) + 1) -> 100012 | C78: =DEC2HEX(HEX2DEC(C77) + 4, 8) -> 01000120 | D78: reserved | E78: Reserved for future use.
C79: =DEC2HEX(HEX2DEC(C78) + 4, 8) -> 01000124 | D79: reserved | E79: Reserved for future use.
C80: =DEC2HEX(HEX2DEC(C79) + 4, 8) -> 01000128 | D80: reserved | E80: Reserved for future use.
C81: =DEC2HEX(HEX2DEC(C80) + 4, 8) -> 0100012C | D81: reserved | E81: Reserved for future use.
B82: =DEC2HEX(HEX2DEC(B78) + 1) -> 100013 | C82: =DEC2HEX(HEX2DEC(C81) + 4, 8) -> 01000130 | D82: reserved | E82: Reserved for future use.
C83: =DEC2HEX(HEX2DEC(C82) + 4, 8) -> 01000134 | D83: reserved | E83: Reserved for future use.
C84: =DEC2HEX(HEX2DEC(C83) + 4, 8) -> 01000138 | D84: reserved | E84: Reserved for future use.
C85: =DEC2HEX(HEX2DEC(C84) + 4, 8) -> 0100013C | D85: reserved | E85: Reserved for future use.
B86: =DEC2HEX(HEX2DEC(B82) + 1) -> 100014 | C86: =DEC2HEX(HEX2DEC(C85) + 4, 8) -> 01000140 | D86: reserved | E86: Reserved for future use.
C87: =DEC2HEX(HEX2DEC(C86) + 4, 8) -> 01000144 | D87: reserved | E87: Reserved for future use.
C88: =DEC2HEX(HEX2DEC(C87) + 4, 8) -> 01000148 | D88: reserved | E88: Reserved for future use.
C89: =DEC2HEX(HEX2DEC(C88) + 4, 8) -> 0100014C | D89: reserved | E89: Reserved for future use.
B90: =DEC2HEX(HEX2DEC(B86) + 1) -> 100015 | C90: =DEC2HEX(HEX2DEC(C89) + 4, 8) -> 01000150 | D90: reserved | E90: Reserved for future use.
C91: =DEC2HEX(HEX2DEC(C90) + 4, 8) -> 01000154 | D91: reserved | E91: Reserved for future use.
C92: =DEC2HEX(HEX2DEC(C91) + 4, 8) -> 01000158 | D92: reserved | E92: Reserved for future use.
C93: =DEC2HEX(HEX2DEC(C92) + 4, 8) -> 0100015C | D93: reserved | E93: Reserved for future use.
B94: =DEC2HEX(HEX2DEC(B90) + 1) -> 100016 | C94: =DEC2HEX(HEX2DEC(C93) + 4, 8) -> 01000160 | D94: reserved | E94: Reserved for future use.
C95: =DEC2HEX(HEX2DEC(C94) + 4, 8) -> 01000164 | D95: reserved | E95: Reserved for future use.
C96: =DEC2HEX(HEX2DEC(C95) + 4, 8) -> 01000168 | D96: reserved | E96: Reserved for future use.
C97: =DEC2HEX(HEX2DEC(C96) + 4, 8) -> 0100016C | D97: reserved | E97: Reserved for future use.
B98: =DEC2HEX(HEX2DEC(B94) + 1) -> 100017 | C98: =DEC2HEX(HEX2DEC(C97) + 4, 8) -> 01000170 | D98: reserved | E98: Reserved for future use.
C99: =DEC2HEX(HEX2DEC(C98) + 4, 8) -> 01000174 | D99: reserved | E99: Reserved for future use.
C100: =DEC2HEX(HEX2DEC(C99) + 4, 8) -> 01000178 | D100: reserved | E100: Reserved for future use.
C101: =DEC2HEX(HEX2DEC(C100) + 4, 8) -> 0100017C | D101: reserved | E101: Reserved for future use.
...

Sheet IFR0 (customer 3P02G)
A1: Protected Flash Region | E1: 31 | F1: =E1-1 -> 30 | G1: =F1-1 -> 29 | H1: =G1-1 -> 28 | I1: =H1-1 -> 27 | J1: =I1-1 -> 26 | K1: =J1-1 -> 25 | L1: =K1-1 -> 24 | M1: =L1-1 -> 23 | ... AJ1: =AI1-1 -> 0
E3: +3 | M3: +2 | U3: +1 | AC3: +0
E4: 31 | F4: =E4-1 -> 30 | G4: =F4-1 -> 29 | H4: =G4-1 -> 28 | I4: =H4-1 -> 27 | J4: =I4-1 -> 26 | K4: =J4-1 -> 25 | L4: =K4-1 -> 24 | M4: =L4-1 -> 23 | ... AJ4: =AI4-1 -> 0
B5: Word Address (HEX) | C5: Byte Address (HEX) | D5: Field Description
A6: Customer Field Programmable Area (CFPA) | B6: 100000 | C6: =DEC2HEX(HEX2DEC($B$6)*16, 8) -> 01000000 | D6: Header | E6: Header | U6: INV_CFPA_LC_STATE[7:0] | AC6: CFPA_LC_STATE[7:0]
C7: =DEC2HEX(HEX2DEC(C6) + 4, 8) -> 01000004 | D7: CFPA_PAGE_VERSION | E7: DICE_UPD | F7: DICE_KEY_UPD_ALIAS | G7: CMPA_UPD | J7: Reserved | K7: IMG_UPD | M7: CFPA page version (Monotonic counter)
C8: =DEC2HEX(HEX2DEC(C7) + 4, 8) -> 01000008 | D8: Secure_FW_Version | E8: Reserved | U8: Secure firmware version (Monotonic counter)
C9: =DEC2HEX(HEX2DEC(C8) + 4, 8) -> 0100000C | D9: NS_FW_Version | E9: Non Secure firmware version (Monotonic counter)
B10: =DEC2HEX(HEX2DEC(B6) + 1) -> 100001 | C10: =DEC2HEX(HEX2DEC(C9) + 4, 8) -> 01000010 | D10: reserved | E10: Reserved for future use.
C11: =DEC2HEX(HEX2DEC(C10) + 4, 8) -> 01000014 | D11: SECBOOT_FLAGS | E11: OEM_RETURN_ERASE_DONE | I11: Reserved | AC11: RoTK3_EN | AE11: RoTK2_EN | AG11: RoTK1_EN | AI11: RoTK0_EN
C12: =DEC2HEX(HEX2DEC(C11) + 4, 8) -> 01000018 | D12: IMAGE_KEY_REVOKE | E12: RESERVED | M12: Image key revocation ID (Monotonic counter)
C13: =DEC2HEX(HEX2DEC(C12) + 4, 8) -> 0100001C | D13: LP_VECTOR_ADDR | E13: LP_VECTOR_ADDR
B14: =DEC2HEX(HEX2DEC(B10) + 1) -> 100002 | C14: =DEC2HEX(HEX2DEC(C13) + 4, 8) -> 01000020 | D14: DBG_REVOKE_VU | E14: Inverse value of [15:0] | U14: Debug certificate revocation counter (monotonic counter)
C15: =DEC2HEX(HEX2DEC(C14) + 4, 8) -> 01000024 | D15: DCFG_CC_SOCU_NS_PIN | E15: Inverse value of [15:0] | U15: UUID_CHECK | Z15: CPU1_DBGEN | AA15: CPU1_NIDEN | AB15: ME_CMD_EN | AC15: FA_CMD_EN | AD15: ISP_CMD_EN | AE15: DSP_DBGEN | AF15: 0 | AG15: SPIDEN | AH15: SPNIDEN | AI15: DBGEN | AJ15: NIDEN
C16: =DEC2HEX(HEX2DEC(C15) + 4, 8) -> 01000028 | D16: DCFG_CC_SOCU_NS_DFLT | E16: Inverse value of [15:0] | Z16: CPU1_DBGEN | AA16: CPU1_NIDEN | AB16: ME_CMD_EN | AC16: FA_CMD_EN | AD16: ISP_CMD_EN | AE16: DSP_DBGEN | AF16: 0 | AG16: SPIDEN | AH16: SPNIDEN | AI16: DBGEN | AJ16: NIDEN
C17: =DEC2HEX(HEX2DEC(C16) + 4, 8) -> 0100002C | D17: reserved | E17: Reserved
B18: =DEC2HEX(HEX2DEC(B14) + 1) -> 100003 | C18: =DEC2HEX(HEX2DEC(C17) + 4, 8) -> 01000030 | D18: MCTR_NPX_CTX0 | E18: Erase count for internal Prince region 0 (Monotonic counter)
C19: =DEC2HEX(HEX2DEC(C18) + 4, 8) -> 01000034 | D19: MCTR_NPX_CTX1 | E19: Erase count for internal Prince region 1 (Monotonic counter)
C20: =DEC2HEX(HEX2DEC(C19) + 4, 8) -> 01000038 | D20: MCTR_NPX_CTX2 | E20: Erase count for internal Prince region 2 (Monotonic counter)
C21: =DEC2HEX(HEX2DEC(C20) + 4, 8) -> 0100003C | D21: MCTR_NPX_CTX3 | E21: Erase count for internal Prince region 3 (Monotonic counter)
B22: =DEC2HEX(HEX2DEC(B18) + 1) -> 100004 | C22: =DEC2HEX(HEX2DEC(C21) + 4, 8) -> 01000040 | D22: MCTR_IPED_CTX0 | E22: Erase count for external Prince region 0 (Monotonic counter)
C23: =DEC2HEX(HEX2DEC(C22) + 4, 8) -> 01000044 | D23: MCTR_IPED_CTX1 | E23: Erase count for external Prince region 1 (Monotonic counter)
C24: =DEC2HEX(HEX2DEC(C23) + 4, 8) -> 01000048 | D24: MCTR_IPED_CTX2 | E24: Erase count for external Prince region 2 (Monotonic counter)
C25: =DEC2HEX(HEX2DEC(C24) + 4, 8) -> 0100004C | D25: MCTR_IPED_CTX3 | E25: Erase count for external Prince region 3 (Monotonic counter)
B26: =DEC2HEX(HEX2DEC(B22) + 1) -> 100005 | C26: =DEC2HEX(HEX2DEC(C25) + 4, 8) -> 01000050 | D26: MCTR_IPED_CTX4 | E26: Erase count for external Prince region 4 (Monotonic counter)
C27: =DEC2HEX(HEX2DEC(C26) + 4, 8) -> 01000054 | D27: MCTR_IPED_CTX5 | E27: Erase count for external Prince region 5 (Monotonic counter)
C28: =DEC2HEX(HEX2DEC(C27) + 4, 8) -> 01000058 | D28: MCTR_IPED_CTX6 | E28: Erase count for external Prince region 6 (Monotonic counter)
C29: =DEC2HEX(HEX2DEC(C28) + 4, 8) -> 0100005C | D29: MCTR_IPED_CTX7 | E29: Erase count for external Prince region 7 (Monotonic counter)
B30: =DEC2HEX(HEX2DEC(B26) + 1) -> 100006 | C30: =DEC2HEX(HEX2DEC(C29) + 4, 8) -> 01000060 | D30: ERR_AUTH_FAIL_COUNT | E30: Authentication failure counter during boot, SB3, debug authentication (Monotonic counter)
C31: =DEC2HEX(HEX2DEC(C30) + 4, 8) -> 01000064 | D31: ERR_ITRC_COUNT | E31: Tamper event counter (Any ITRC reset caused by tamper events such as WDT reset, CDOG reset, GDET reset, Tamper pin) (Monotonic counter)
C32: =DEC2HEX(HEX2DEC(C31) + 4, 8) -> 01000068 | D32: reserved | E32: Reserved for future use.
C33: =DEC2HEX(HEX2DEC(C32) + 4, 8) -> 0100006C | D33: reserved | E33: Reserved for future use.
B34: =DEC2HEX(HEX2DEC(B30) + 1) -> 100007 | C34: =DEC2HEX(HEX2DEC(C33) + 4, 8) -> 01000070 | D34: reserved | E34: Reserved for future use.
C35: =DEC2HEX(HEX2DEC(C34) + 4, 8) -> 01000074 | D35: reserved | E35: Reserved for future use.
C36: =DEC2HEX(HEX2DEC(C35) + 4, 8) -> 01000078 | D36: reserved | E36: Reserved for future use.
C37: =DEC2HEX(HEX2DEC(C36) + 4, 8) -> 0100007C | D37: reserved | E37: Reserved for future use.
B38: =DEC2HEX(HEX2DEC(B34) + 1) -> 100008 | C38: =DEC2HEX(HEX2DEC(C37) + 4, 8) -> 01000080 | D38: MCTR_CUST_CTR0 | E38: Customer defined Monotonic counter 0
C39: =DEC2HEX(HEX2DEC(C38) + 4, 8) -> 01000084 | D39: MCTR_CUST_CTR1 | E39: Customer defined Monotonic counter 1
C40: =DEC2HEX(HEX2DEC(C39) + 4, 8) -> 01000088 | D40: MCTR_CUST_CTR2 | E40: Customer defined Monotonic counter 2
C41: =DEC2HEX(HEX2DEC(C40) + 4, 8) -> 0100008C | D41: MCTR_CUST_CTR3 | E41: Customer defined Monotonic counter 3
B42: =DEC2HEX(HEX2DEC(B38) + 1) -> 100009 | C42: =DEC2HEX(HEX2DEC(C41) + 4, 8) -> 01000090 | D42: MCTR_CUST_CTR4 | E42: Customer defined Monotonic counter 4
C43: =DEC2HEX(HEX2DEC(C42) + 4, 8) -> 01000094 | D43: MCTR_CUST_CTR5 | E43: Customer defined Monotonic counter 5
C44: =DEC2HEX(HEX2DEC(C43) + 4, 8) -> 01000098 | D44: MCTR_CUST_CTR6 | E44: Customer defined Monotonic counter 6
C45: =DEC2HEX(HEX2DEC(C44) + 4, 8) -> 0100009C | D45: MCTR_CUST_CTR7 | E45: Customer defined Monotonic counter 7
B46: =DEC2HEX(HEX2DEC(B42) + 1) -> 10000A | C46: =DEC2HEX(HEX2DEC(C45) + 4, 8) -> 010000A0 | D46: MFLAG_CUST_0 | E46: Customer defined Monotonic flags 0 (once a bit is set the newer version of the page should have the flag set.)
C47: =DEC2HEX(HEX2DEC(C46) + 4, 8) -> 010000A4 | D47: MFLAG_CUST_1 | E47: Customer defined Monotonic flags 1
C48: =DEC2HEX(HEX2DEC(C47) + 4, 8) -> 010000A8 | D48: MFLAG_CUST_2 | E48: Customer defined Monotonic flags 2
C49: =DEC2HEX(HEX2DEC(C48) + 4, 8) -> 010000AC | D49: MFLAG_CUST_3 | E49: Customer defined Monotonic flags 3
B50: =DEC2HEX(HEX2DEC(B46) + 1) -> 10000B | C50: =DEC2HEX(HEX2DEC(C49) + 4, 8) -> 010000B0 | D50: MFLAG_CUST_4 | E50: Customer defined Monotonic flags 4
C51: =DEC2HEX(HEX2DEC(C50) + 4, 8) -> 010000B4 | D51: MFLAG_CUST_5 | E51: Customer defined Monotonic flags 5
C52: =DEC2HEX(HEX2DEC(C51) + 4, 8) -> 010000B8 | D52: MFLAG_CUST_6 | E52: Customer defined Monotonic flags 6
C53: =DEC2HEX(HEX2DEC(C52) + 4, 8) -> 010000BC | D53: MFLAG_CUST_7 | E53: Customer defined Monotonic flags 7
B54: =DEC2HEX(HEX2DEC(B50) + 1) -> 10000C | C54: =DEC2HEX(HEX2DEC(C53) + 4, 8) -> 010000C0 | D54: FLASH_ACL_0_7 | F54: ACL_SEC_7 | J54: ACL_SEC_6 | N54: ACL_SEC_5 | R54: ACL_SEC_4 | V54: ACL_SEC_3 | Z54: ACL_SEC_2 | AD54: ACL_SEC_1 | AH54: ACL_SEC_0
C55: =DEC2HEX(HEX2DEC(C54) + 4, 8) -> 010000C4 | D55: FLASH_ACL_8_15 | F55: ACL_SEC_15 | J55: ACL_SEC_14 | N55: ACL_SEC_13 | R55: ACL_SEC_12 | V55: ACL_SEC_11 | Z55: ACL_SEC_10 | AD55: ACL_SEC_9 | AH55: ACL_SEC_8
C56: =DEC2HEX(HEX2DEC(C55) + 4, 8) -> 010000C8 | D56: FLASH_ACL_16_23 | F56: ACL_SEC_23 | J56: ACL_SEC_22 | N56: ACL_SEC_21 | R56: ACL_SEC_20 | V56: ACL_SEC_19 | Z56: ACL_SEC_18 | AD56: ACL_SEC_17 | AH56: ACL_SEC_16
C57: =DEC2HEX(HEX2DEC(C56) + 4, 8) -> 010000CC | D57: FLASH_ACL_24_31 | F57: ACL_SEC_31 | J57: ACL_SEC_30 | N57: ACL_SEC_29 | R57: ACL_SEC_28 | V57: ACL_SEC_27 | Z57: ACL_SEC_26 | AD57: ACL_SEC_25 | AH57: ACL_SEC_24
B58: =DEC2HEX(HEX2DEC(B54) + 1) -> 10000D | C58: =DEC2HEX(HEX2DEC(C57) + 4, 8) -> 010000D0 | D58: FLASH_ACL_32_39 | F58: ACL_SEC_39 | J58: ACL_SEC_38 | N58: ACL_SEC_37 | R58: ACL_SEC_36 | V58: ACL_SEC_35 | Z58: ACL_SEC_34 | AD58: ACL_SEC_33 | AH58: ACL_SEC_32
C59: =DEC2HEX(HEX2DEC(C58) + 4, 8) -> 010000D4 | D59: FLASH_ACL_40_47 | F59: ACL_SEC_47 | J59: ACL_SEC_46 | N59: ACL_SEC_45 | R59: ACL_SEC_44 | V59: ACL_SEC_43 | Z59: ACL_SEC_42 | AD59: ACL_SEC_41 | AH59: ACL_SEC_40
C60: =DEC2HEX(HEX2DEC(C59) + 4, 8) -> 010000D8 | D60: FLASH_ACL_48_55 | F60: ACL_SEC_55 | J60: ACL_SEC_54 | N60: ACL_SEC_53 | R60: ACL_SEC_52 | V60: ACL_SEC_51 | Z60: ACL_SEC_50 | AD60: ACL_SEC_49 | AH60: ACL_SEC_48
C61: =DEC2HEX(HEX2DEC(C60) + 4, 8) -> 010000DC | D61: FLASH_ACL_55_63 | F61: ACL_SEC_63 | J61: ACL_SEC_62 | N61: ACL_SEC_61 | R61: ACL_SEC_60 | V61: ACL_SEC_59 | Z61: ACL_SEC_58 | AD61: ACL_SEC_57 | AH61: ACL_SEC_56
B62: =DEC2HEX(HEX2DEC(B58) + 1) -> 10000E | C62: =DEC2HEX(HEX2DEC(C61) + 4, 8) -> 010000E0 | D62: IMG0_CMAC | E62: IMG0_CMAC[31:0]
C63: =DEC2HEX(HEX2DEC(C62) + 4, 8) -> 010000E4 | D63: IMG0_CMAC | E63: IMG0_CMAC[63:32]
C64: =DEC2HEX(HEX2DEC(C63) + 4, 8) -> 010000E8 | D64: IMG0_CMAC | E64: IMG0_CMAC[95:64]
C65: =DEC2HEX(HEX2DEC(C64) + 4, 8) -> 010000EC | D65: IMG0_CMAC | E65: IMG0_CMAC[127:96]
B66: =DEC2HEX(HEX2DEC(B62) + 1) -> 10000F | C66: =DEC2HEX(HEX2DEC(C65) + 4, 8) -> 010000F0 | D66: IMG1_CMAC | E66: IMG1_CMAC[31:0]
C67: =DEC2HEX(HEX2DEC(C66) + 4, 8) -> 010000F4 | D67: IMG1_CMAC | E67: IMG1_CMAC[63:32]
C68: =DEC2HEX(HEX2DEC(C67) + 4, 8) -> 010000F8 | D68: IMG1_CMAC | E68: IMG1_CMAC[95:64]
C69: =DEC2HEX(HEX2DEC(C68) + 4, 8) -> 010000FC | D69: IMG1_CMAC | E69: IMG1_CMAC[127:96]
B70: =DEC2HEX(HEX2DEC(B66) + 1) -> 100010 | C70: =DEC2HEX(HEX2DEC(C69) + 4, 8) -> 01000100 | D70: reserved | E70: Reserved for future use.
C71: =DEC2HEX(HEX2DEC(C70) + 4, 8) -> 01000104 | D71: reserved | E71: Reserved for future use.
C72: =DEC2HEX(HEX2DEC(C71) + 4, 8) -> 01000108 | D72: reserved | E72: Reserved for future use.
C73: =DEC2HEX(HEX2DEC(C72) + 4, 8) -> 0100010C | D73: reserved | E73: Reserved for future use.
B74: =DEC2HEX(HEX2DEC(B70) + 1) -> 100011 | C74: =DEC2HEX(HEX2DEC(C73) + 4, 8) -> 01000110 | D74: reserved | E74: Reserved for future use.
C75: =DEC2HEX(HEX2DEC(C74) + 4, 8) -> 01000114 | D75: reserved | E75: Reserved for future use.
C76: =DEC2HEX(HEX2DEC(C75) + 4, 8) -> 01000118 | D76: reserved | E76: Reserved for future use.
C77: =DEC2HEX(HEX2DEC(C76) + 4, 8) -> 0100011C | D77: reserved | E77: Reserved for future use.
B78: =DEC2HEX(HEX2DEC(B74) + 1) -> 100012 | C78: =DEC2HEX(HEX2DEC(C77) + 4, 8) -> 01000120 | D78: reserved | E78: Reserved for future use.
C79: =DEC2HEX(HEX2DEC(C78) + 4, 8) -> 01000124 | D79: reserved | E79: Reserved for future use.
C80: =DEC2HEX(HEX2DEC(C79) + 4, 8) -> 01000128 | D80: reserved | E80: Reserved for future use.
C81: =DEC2HEX(HEX2DEC(C80) + 4, 8) -> 0100012C | D81: reserved | E81: Reserved for future use.
B82: =DEC2HEX(HEX2DEC(B78) + 1) -> 100013 | C82: =DEC2HEX(HEX2DEC(C81) + 4, 8) -> 01000130 | D82: reserved | E82: Reserved for future use.
C83: =DEC2HEX(HEX2DEC(C82) + 4, 8) -> 01000134 | D83: reserved | E83: Reserved for future use.
C84: =DEC2HEX(HEX2DEC(C83) + 4, 8) -> 01000138 | D84: reserved | E84: Reserved for future use.
C85: =DEC2HEX(HEX2DEC(C84) + 4, 8) -> 0100013C | D85: reserved | E85: Reserved for future use.
B86: =DEC2HEX(HEX2DEC(B82) + 1) -> 100014 | C86: =DEC2HEX(HEX2DEC(C85) + 4, 8) -> 01000140 | D86: reserved | E86: Reserved for future use.
C87: =DEC2HEX(HEX2DEC(C86) + 4, 8) -> 01000144 | D87: reserved | E87: Reserved for future use.
C88: =DEC2HEX(HEX2DEC(C87) + 4, 8) -> 01000148 | D88: reserved | E88: Reserved for future use.
C89: =DEC2HEX(HEX2DEC(C88) + 4, 8) -> 0100014C | D89: reserved | E89: Reserved for future use.
B90: =DEC2HEX(HEX2DEC(B86) + 1) -> 100015 | C90: =DEC2HEX(HEX2DEC(C89) + 4, 8) -> 01000150 | D90: reserved | E90: Reserved for future use.
C91: =DEC2HEX(HEX2DEC(C90) + 4, 8) -> 01000154 | D91: reserved | E91: Reserved for future use.
C92: =DEC2HEX(HEX2DEC(C91) + 4, 8) -> 01000158 | D92: reserved | E92: Reserved for future use.
C93: =DEC2HEX(HEX2DEC(C92) + 4, 8) -> 0100015C | D93: reserved | E93: Reserved for future use.
B94: =DEC2HEX(HEX2DEC(B90) + 1) -> 100016 | C94: =DEC2HEX(HEX2DEC(C93) + 4, 8) -> 01000160 | D94: reserved | E94: Reserved for future use.
C95: =DEC2HEX(HEX2DEC(C94) + 4, 8) -> 01000164 | D95: reserved | E95: Reserved for future use.
C96: =DEC2HEX(HEX2DEC(C95) + 4, 8) -> 01000168 | D96: reserved | E96: Reserved for future use.
C97: =DEC2HEX(HEX2DEC(C96) + 4, 8) -> 0100016C | D97: reserved | E97: Reserved for future use.
B98: =DEC2HEX(HEX2DEC(B94) + 1) -> 100017 | C98: =DEC2HEX(HEX2DEC(C97) + 4, 8) -> 01000170 | D98: reserved | E98: Reserved for future use.
C99: =DEC2HEX(HEX2DEC(C98) + 4, 8) -> 01000174 | D99: reserved | E99: Reserved for future use.
C100: =DEC2HEX(HEX2DEC(C99) + 4, 8) -> 01000178 | D100: reserved | E100: Reserved for future use.
C101: =DEC2HEX(HEX2DEC(C100) + 4, 8) -> 0100017C | D101: reserved | E101: Reserved for future use.
...

Sheet IFR0 (customer 1P02G)
A1: Protected Flash Region | E1: 31 | F1: =E1-1 -> 30 | G1: =F1-1 -> 29 | H1: =G1-1 -> 28 | I1: =H1-1 -> 27 | J1: =I1-1 -> 26 | K1: =J1-1 -> 25 | L1: =K1-1 -> 24 | M1: =L1-1 -> 23 | ... AJ1: =AI1-1 -> 0
E3: +3 | M3: +2 | U3: +1 | AC3: +0
E4: 31 | F4: =E4-1 -> 30 | G4: =F4-1 -> 29 | H4: =G4-1 -> 28 | I4: =H4-1 -> 27 | J4: =I4-1 -> 26 | K4: =J4-1 -> 25 | L4: =K4-1 -> 24 | M4: =L4-1 -> 23 | ... AJ4: =AI4-1 -> 0
B5: Word Address (HEX) | C5: Byte Address (HEX) | D5: Field Description
A6: Customer Field Programmable Area (CFPA) | B6: 100000 | C6: =DEC2HEX(HEX2DEC($B$6)*16, 8) -> 01000000 | D6: Header | E6: CFPA_HEADER | U6: INV_CFPA_LC_STATE[7:0] | AC6: CFPA_LC_STATE[7:0]
C7: =DEC2HEX(HEX2DEC(C6) + 4, 8) -> 01000004 | D7: CFPA_PAGE_VERSION | E7: DICE_UPD | F7: Reserved | G7: CMPA_UPD | J7: Reserved | K7: IMG_UPD | M7: CFPA page version (Monotonic counter) | AL7: ROM enforces monotonic increment check during CFPA-CMAC page update. If the new counter value is less than the value in active CFPA page, then the update is rejected and CMAC sigining is skipped.
C8: =DEC2HEX(HEX2DEC(C7) + 4, 8) -> 01000008 | D8: Secure_FW_Version | E8: Secure firmware version (Monotonic counter) | AL8: ROM enforces monotonic increment check during CFPA-CMAC page update. If the new counter value is less than the value in active CFPA page, then the update is rejected and CMAC sigining is skipped.
C9: =DEC2HEX(HEX2DEC(C8) + 4, 8) -> 0100000C | D9: NS_FW_Version | E9: Non Secure firmware version (Monotonic counter) | AL9: ROM enforces monotonic increment check during CFPA-CMAC page update. If the new counter value is less than the value in active CFPA page, then the update is rejected and CMAC sigining is skipped.
B10: =DEC2HEX(HEX2DEC(B6) + 1) -> 100001 | C10: =DEC2HEX(HEX2DEC(C9) + 4, 8) -> 01000010 | D10: reserved | E10: Reserved for future use.
C11: =DEC2HEX(HEX2DEC(C10) + 4, 8) -> 01000014 | D11: SECBOOT_FLAGS | E11: OEM_RETURN_ERASE_DONE | I11: Reserved | AC11: RoTK3_EN | AE11: RoTK2_EN | AG11: RoTK1_EN | AI11: RoTK0_EN
C12: =DEC2HEX(HEX2DEC(C11) + 4, 8) -> 01000018 | D12: IMAGE_KEY_REVOKE | E12: RESERVED | M12: Image key revocation ID (Monotonic counter) | AL12: ROM enforces monotonic increment check during CFPA-CMAC update.
C13: =DEC2HEX(HEX2DEC(C12) + 4, 8) -> 0100001C | D13: LP_VECTOR_ADDR | E13: LP_VECTOR_ADDR
B14: =DEC2HEX(HEX2DEC(B10) + 1) -> 100002 | C14: =DEC2HEX(HEX2DEC(C13) + 4, 8) -> 01000020 | D14: DBG_REVOKE_VU | E14: Inverse value of [15:0] | U14: Debug certificate revocation counter (monotonic counter) | AL14: ROM enforces monotonic increment check during CFPA-CMAC update.
C15: =DEC2HEX(HEX2DEC(C14) + 4, 8) -> 01000024 | D15: DCFG_CC_SOCU_NS_PIN | E15: Inverse value of [15:0] | U15: UUID_CHECK | Z15: CPU1_DBGEN | AA15: CPU1_NIDEN | AB15: ME_CMD_EN | AC15: FA_CMD_EN | AD15: ISP_CMD_EN | AE15: DSP_DBGEN | AF15: 0 | AG15: SPIDEN | AH15: SPNIDEN | AI15: DBGEN | AJ15: NIDEN
C16: =DEC2HEX(HEX2DEC(C15) + 4, 8) -> 01000028 | D16: DCFG_CC_SOCU_NS_DFLT | E16: Inverse value of [15:0] | Z16: CPU1_DBGEN | AA16: CPU1_NIDEN | AB16: ME_CMD_EN | AC16: FA_CMD_EN | AD16: ISP_CMD_EN | AE16: DSP_DBGEN | AF16: 0 | AG16: SPIDEN | AH16: SPNIDEN | AI16: DBGEN | AJ16: NIDEN
C17: =DEC2HEX(HEX2DEC(C16) + 4, 8) -> 0100002C | D17: reserved | E17: Reserved
B18: =DEC2HEX(HEX2DEC(B14) + 1) -> 100003 | C18: =DEC2HEX(HEX2DEC(C17) + 4, 8) -> 01000030 | D18: MCTR_NPX_CTX0 | E18: Erase count for internal Prince region 0 (Monotonic counter)
C19: =DEC2HEX(HEX2DEC(C18) + 4, 8) -> 01000034 | D19: MCTR_NPX_CTX1 | E19: Erase count for internal Prince region 1 (Monotonic counter)
C20: =DEC2HEX(HEX2DEC(C19) + 4, 8) -> 01000038 | D20: MCTR_NPX_CTX2 | E20: Erase count for internal Prince region 2 (Monotonic counter)
C21: =DEC2HEX(HEX2DEC(C20) + 4, 8) -> 0100003C | D21: MCTR_NPX_CTX3 | E21: Erase count for internal Prince region 3 (Monotonic counter)
B22: =DEC2HEX(HEX2DEC(B18) + 1) -> 100004 | C22: =DEC2HEX(HEX2DEC(C21) + 4, 8) -> 01000040 | D22: MCTR_IPED_CTX0 | E22: Erase count for external Prince region 0 (Monotonic counter)
C23: =DEC2HEX(HEX2DEC(C22) + 4, 8) -> 01000044 | D23: MCTR_IPED_CTX1 | E23: Erase count for external Prince region 1 (Monotonic counter)
C24: =DEC2HEX(HEX2DEC(C23) + 4, 8) -> 01000048 | D24: MCTR_IPED_CTX2 | E24: Erase count for external Prince region 2 (Monotonic counter)
C25: =DEC2HEX(HEX2DEC(C24) + 4, 8) -> 0100004C | D25: MCTR_IPED_CTX3 | E25: Erase count for external Prince region 3 (Monotonic counter)
B26: =DEC2HEX(HEX2DEC(B22) + 1) -> 100005 | C26: =DEC2HEX(HEX2DEC(C25) + 4, 8) -> 01000050 | D26: MCTR_IPED_CTX4 | E26: Erase count for external Prince region 4 (Monotonic counter)
C27: =DEC2HEX(HEX2DEC(C26) + 4, 8) -> 01000054 | D27: MCTR_IPED_CTX5 | E27: Erase count for external Prince region 5 (Monotonic counter)
C28: =DEC2HEX(HEX2DEC(C27) + 4, 8) -> 01000058 | D28: MCTR_IPED_CTX6 | E28: Erase count for external Prince region 6 (Monotonic counter)
C29: =DEC2HEX(HEX2DEC(C28) + 4, 8) -> 0100005C | D29: MCTR_IPED_CTX7 | E29: Erase count for external Prince region 7 (Monotonic counter)
B30: =DEC2HEX(HEX2DEC(B26) + 1) -> 100006 | C30: =DEC2HEX(HEX2DEC(C29) + 4, 8) -> 01000060 | D30: ERR_AUTH_FAIL_COUNT | E30: Authentication failure counter during boot, SB3, debug authentication (Monotonic counter)
C31: =DEC2HEX(HEX2DEC(C30) + 4, 8) -> 01000064 | D31: ERR_ITRC_COUNT | E31: Tamper event counter (Any ITRC reset caused by tamper events such as WDT reset, CDOG reset, GDET reset, Tamper pin) (Monotonic counter)
C32: =DEC2HEX(HEX2DEC(C31) + 4, 8) -> 01000068 | D32: reserved | E32: Reserved for future use.
C33: =DEC2HEX(HEX2DEC(C32) + 4, 8) -> 0100006C | D33: reserved | E33: Reserved for future use.
B34: =DEC2HEX(HEX2DEC(B30) + 1) -> 100007 | C34: =DEC2HEX(HEX2DEC(C33) + 4, 8) -> 01000070 | D34: reserved | E34: Reserved for future use.
C35: =DEC2HEX(HEX2DEC(C34) + 4, 8) -> 01000074 | D35: reserved | E35: Reserved for future use.
C36: =DEC2HEX(HEX2DEC(C35) + 4, 8) -> 01000078 | D36: reserved | E36: Reserved for future use.
C37: =DEC2HEX(HEX2DEC(C36) + 4, 8) -> 0100007C | D37: reserved | E37: Reserved for future use.
B38: =DEC2HEX(HEX2DEC(B34) + 1) -> 100008 | C38: =DEC2HEX(HEX2DEC(C37) + 4, 8) -> 01000080 | D38: MCTR_CUST_CTR0 | E38: Customer defined Monotonic counter 0 | AL38: ROM enforces monotonic increment check during CFPA-CMAC page update.
C39: =DEC2HEX(HEX2DEC(C38) + 4, 8) -> 01000084 | D39: MCTR_CUST_CTR1 | E39: Customer defined Monotonic counter 1 | AL39: ROM enforces monotonic increment check during CFPA-CMAC page update.
C40: =DEC2HEX(HEX2DEC(C39) + 4, 8) -> 01000088 | D40: MCTR_CUST_CTR2 | E40: Customer defined Monotonic counter 2 | AL40: ROM enforces monotonic increment check during CFPA-CMAC page update.
C41: =DEC2HEX(HEX2DEC(C40) + 4, 8) -> 0100008C | D41: MCTR_CUST_CTR3 | E41: Customer defined Monotonic counter 3 | AL41: ROM enforces monotonic increment check during CFPA-CMAC page update.
B42: =DEC2HEX(HEX2DEC(B38) + 1) -> 100009 | C42: =DEC2HEX(HEX2DEC(C41) + 4, 8) -> 01000090 | D42: MCTR_CUST_CTR4 | E42: Customer defined Monotonic counter 4 | AL42: ROM enforces monotonic increment check during CFPA-CMAC page update.
C43: =DEC2HEX(HEX2DEC(C42) + 4, 8) -> 01000094 | D43: MCTR_CUST_CTR5 | E43: Customer defined Monotonic counter 5 | AL43: ROM enforces monotonic increment check during CFPA-CMAC page update.
C44: =DEC2HEX(HEX2DEC(C43) + 4, 8) -> 01000098 | D44: MCTR_CUST_CTR6 | E44: Customer defined Monotonic counter 6 | AL44: ROM enforces monotonic increment check during CFPA-CMAC page update.
C45: =DEC2HEX(HEX2DEC(C44) + 4, 8) -> 0100009C | D45: MCTR_CUST_CTR7 | E45: Customer defined Monotonic counter 7 | AL45: ROM enforces monotonic increment check during CFPA-CMAC page update.
B46: =DEC2HEX(HEX2DEC(B42) + 1) -> 10000A | C46: =DEC2HEX(HEX2DEC(C45) + 4, 8) -> 010000A0 | D46: MFLAG_CUST_0 | E46: Customer defined Monotonic flags 0 (once a bit is set the newer version of the page should have the flag set.) | AL46: ROM enforces monotonic flag check during CFPA-CMAC page update.
C47: =DEC2HEX(HEX2DEC(C46) + 4, 8) -> 010000A4 | D47: MFLAG_CUST_1 | E47: Customer defined Monotonic flags 1 | AL47: ROM enforces monotonic flag check during CFPA-CMAC page update.
C48: =DEC2HEX(HEX2DEC(C47) + 4, 8) -> 010000A8 | D48: MFLAG_CUST_2 | E48: Customer defined Monotonic flags 2 | AL48: ROM enforces monotonic flag check during CFPA-CMAC page update.
C49: =DEC2HEX(HEX2DEC(C48) + 4, 8) -> 010000AC | D49: MFLAG_CUST_3 | E49: Customer defined Monotonic flags 3 | AL49: ROM enforces monotonic flag check during CFPA-CMAC page update.
B50: =DEC2HEX(HEX2DEC(B46) + 1) -> 10000B | C50: =DEC2HEX(HEX2DEC(C49) + 4, 8) -> 010000B0 | D50: MFLAG_CUST_4 | E50: Customer defined Monotonic flags 4 | AL50: ROM enforces monotonic flag check during CFPA-CMAC page update.
C51: =DEC2HEX(HEX2DEC(C50) + 4, 8) -> 010000B4 | D51: MFLAG_CUST_5 | E51: Customer defined Monotonic flags 5 | AL51: ROM enforces monotonic flag check during CFPA-CMAC page update.
C52: =DEC2HEX(HEX2DEC(C51) + 4, 8) -> 010000B8 | D52: MFLAG_CUST_6 | E52: Customer defined Monotonic flags 6 | AL52: ROM enforces monotonic flag check during CFPA-CMAC page update.
C53: =DEC2HEX(HEX2DEC(C52) + 4, 8) -> 010000BC | D53: MFLAG_CUST_7 | E53: Customer defined Monotonic flags 7 | AL53: ROM enforces monotonic flag check during CFPA-CMAC page update.
B54: =DEC2HEX(HEX2DEC(B50) + 1) -> 10000C | C54: =DEC2HEX(HEX2DEC(C53) + 4, 8) -> 010000C0 | D54: FLASH_ACL_0_7 | F54: ACL_SEC_7 | J54: ACL_SEC_6 | N54: ACL_SEC_5 | R54: ACL_SEC_4 | V54: ACL_SEC_3 | Z54: ACL_SEC_2 | AD54: ACL_SEC_1 | AH54: ACL_SEC_0 | AL54: ROM enforces ascending access level check during CFPA-CMAC page update.
C55: =DEC2HEX(HEX2DEC(C54) + 4, 8) -> 010000C4 | D55: FLASH_ACL_8_15 | F55: ACL_SEC_15 | J55: ACL_SEC_14 | N55: ACL_SEC_13 | R55: ACL_SEC_12 | V55: ACL_SEC_11 | Z55: ACL_SEC_10 | AD55: ACL_SEC_9 | AH55: ACL_SEC_8 | AL55: ROM enforces ascending access level check during CFPA-CMAC page update.
C56: =DEC2HEX(HEX2DEC(C55) + 4, 8) -> 010000C8 | D56: FLASH_ACL_16_23 | F56: ACL_SEC_23 | J56: ACL_SEC_22 | N56: ACL_SEC_21 | R56: ACL_SEC_20 | V56: ACL_SEC_19 | Z56: ACL_SEC_18 | AD56: ACL_SEC_17 | AH56: ACL_SEC_16 | AL56: ROM enforces ascending access level check during CFPA-CMAC page update.
C57: =DEC2HEX(HEX2DEC(C56) + 4, 8) -> 010000CC | D57: FLASH_ACL_24_31 | F57: ACL_SEC_31 | J57: ACL_SEC_30 | N57: ACL_SEC_29 | R57: ACL_SEC_28 | V57: ACL_SEC_27 | Z57: ACL_SEC_26 | AD57: ACL_SEC_25 | AH57: ACL_SEC_24 | AL57: ROM enforces ascending access level check during CFPA-CMAC page update.
B58: =DEC2HEX(HEX2DEC(B54) + 1) -> 10000D | C58: =DEC2HEX(HEX2DEC(C57) + 4, 8) -> 010000D0 | D58: FLASH_ACL_32_39 | F58: ACL_SEC_39 | J58: ACL_SEC_38 | N58: ACL_SEC_37 | R58: ACL_SEC_36 | V58: ACL_SEC_35 | Z58: ACL_SEC_34 | AD58: ACL_SEC_33 | AH58: ACL_SEC_32 | AL58: ROM enforces ascending access level check during CFPA-CMAC page update.
C59: =DEC2HEX(HEX2DEC(C58) + 4, 8) -> 010000D4 | D59: FLASH_ACL_40_47 | F59: ACL_SEC_47 | J59: ACL_SEC_46 | N59: ACL_SEC_45 | R59: ACL_SEC_44 | V59: ACL_SEC_43 | Z59: ACL_SEC_42 | AD59: ACL_SEC_41 | AH59: ACL_SEC_40 | AL59: ROM enforces ascending access level check during CFPA-CMAC page update.
C60: =DEC2HEX(HEX2DEC(C59) + 4, 8) -> 010000D8 | D60: FLASH_ACL_48_55 | F60: ACL_SEC_55 | J60: ACL_SEC_54 | N60: ACL_SEC_53 | R60: ACL_SEC_52 | V60: ACL_SEC_51 | Z60: ACL_SEC_50 | AD60: ACL_SEC_49 | AH60: ACL_SEC_48 | AL60: ROM enforces ascending access level check during CFPA-CMAC page update.
C61: =DEC2HEX(HEX2DEC(C60) + 4, 8) -> 010000DC | D61: FLASH_ACL_55_63 | F61: ACL_SEC_63 | J61: ACL_SEC_62 | N61: ACL_SEC_61 | R61: ACL_SEC_60 | V61: ACL_SEC_59 | Z61: ACL_SEC_58 | AD61: ACL_SEC_57 | AH61: ACL_SEC_56 | AL61: ROM enforces ascending access level check during CFPA-CMAC page update.
B62: =DEC2HEX(HEX2DEC(B58) + 1) -> 10000E | C62: =DEC2HEX(HEX2DEC(C61) + 4, 8) -> 010000E0 | D62: IMG0_CMAC | E62: IMG0_CMAC[31:0]
C63: =DEC2HEX(HEX2DEC(C62) + 4, 8) -> 010000E4 | D63: IMG0_CMAC | E63: IMG0_CMAC[63:32]
C64: =DEC2HEX(HEX2DEC(C63) + 4, 8) -> 010000E8 | D64: IMG0_CMAC | E64: IMG0_CMAC[95:64]
C65: =DEC2HEX(HEX2DEC(C64) + 4, 8) -> 010000EC | D65: IMG0_CMAC | E65: IMG0_CMAC[127:96]
B66: =DEC2HEX(HEX2DEC(B62) + 1) -> 10000F | C66: =DEC2HEX(HEX2DEC(C65) + 4, 8) -> 010000F0 | D66: IMG1_CMAC | E66: IMG1_CMAC[31:0]
C67: =DEC2HEX(HEX2DEC(C66) + 4, 8) -> 010000F4 | D67: IMG1_CMAC | E67: IMG1_CMAC[63:32]
C68: =DEC2HEX(HEX2DEC(C67) + 4, 8) -> 010000F8 | D68: IMG1_CMAC | E68: IMG1_CMAC[95:64]
C69: =DEC2HEX(HEX2DEC(C68) + 4, 8) -> 010000FC | D69: IMG1_CMAC | E69: IMG1_CMAC[127:96]
B70: =DEC2HEX(HEX2DEC(B66) + 1) -> 100010 | C70: =DEC2HEX(HEX2DEC(C69) + 4, 8) -> 01000100 | D70: DICE Certificate | E70: X coordinate of public key Qx[28] | M70: X coordinate of public key Qx[29] | U70: X coordinate of public key Qx[30] | AC70: X coordinate of public key Qx[31]
C71: =DEC2HEX(HEX2DEC(C70) + 4, 8) -> 01000104 | E71: X coordinate of public key Qx[24] | M71: X coordinate of public key Qx[25] | U71: X coordinate of public key Qx[26] | AC71: X coordinate of public key Qx[27]
C72: =DEC2HEX(HEX2DEC(C71) + 4, 8) -> 01000108 | E72: X coordinate of public key Qx[20] | M72: X coordinate of public key Qx[21] | U72: X coordinate of public key Qx[22] | AC72: X coordinate of public key Qx[23]
C73: =DEC2HEX(HEX2DEC(C72) + 4, 8) -> 0100010C | E73: X coordinate of public key Qx[16] | M73: X coordinate of public key Qx[17] | U73: X coordinate of public key Qx[18] | AC73: X coordinate of public key Qx[19]
B74: =DEC2HEX(HEX2DEC(B70) + 1) -> 100011 | C74: =DEC2HEX(HEX2DEC(C73) + 4, 8) -> 01000110 | E74: X coordinate of public key Qx[12] | M74: X coordinate of public key Qx[13] | U74: X coordinate of public key Qx[14] | AC74: X coordinate of public key Qx[15]
C75: =DEC2HEX(HEX2DEC(C74) + 4, 8) -> 01000114 | E75: X coordinate of public key Qx[8] | M75: X coordinate of public key Qx[9] | U75: X coordinate of public key Qx[10] | AC75: X coordinate of public key Qx[11]
C76: =DEC2HEX(HEX2DEC(C75) + 4, 8) -> 01000118 | E76: X coordinate of public key Qx[4] | M76: X coordinate of public key Qx[5] | U76: X coordinate of public key Qx[6] | AC76: X coordinate of public key Qx[7]
C77: =DEC2HEX(HEX2DEC(C76) + 4, 8) -> 0100011C | E77: X coordinate of public key Qx[0] | M77: X coordinate of public key Qx[1] | U77: X coordinate of public key Qx[2] | AC77: X coordinate of public key Qx[3]
B78: =DEC2HEX(HEX2DEC(B74) + 1) -> 100012 | C78: =DEC2HEX(HEX2DEC(C77) + 4, 8) -> 01000120 | E78: Y coordinate of public key Qy[28] | M78: Y coordinate of public key Qy[29] | U78: Y coordinate of public key Qy[30] | AC78: Y coordinate of public key Qy[31]
C79: =DEC2HEX(HEX2DEC(C78) + 4, 8) -> 01000124 | E79: Y coordinate of public key Qy[24] | M79: Y coordinate of public key Qy[25] | U79: Y coordinate of public key Qy[26] | AC79: Y coordinate of public key Qy[27]
C80: =DEC2HEX(HEX2DEC(C79) + 4, 8) -> 01000128 | E80: Y coordinate of public key Qy[20] | M80: Y coordinate of public key Qy[21] | U80: Y coordinate of public key Qy[22] | AC80: Y coordinate of public key Qy[23]
C81: =DEC2HEX(HEX2DEC(C80) + 4, 8) -> 0100012C | E81: Y coordinate of public key Qy[16] | M81: Y coordinate of public key Qy[17] | U81: Y coordinate of public key Qy[18] | AC81: Y coordinate of public key Qy[19]
B82: =DEC2HEX(HEX2DEC(B78) + 1) -> 100013 | C82: =DEC2HEX(HEX2DEC(C81) + 4, 8) -> 01000130 | E82: Y coordinate of public key Qy[12] | M82: Y coordinate of public key Qy[13] | U82: Y coordinate of public key Qy[14] | AC82: Y coordinate of public key Qy[15]
C83: =DEC2HEX(HEX2DEC(C82) + 4, 8) -> 01000134 | E83: Y coordinate of public key Qy[8] | M83: Y coordinate of public key Qy[9] | U83: Y coordinate of public key Qy[10] | AC83: Y coordinate of public key Qy[11]
C84: =DEC2HEX(HEX2DEC(C83) + 4, 8) -> 01000138 | E84: Y coordinate of public key Qy[4] | M84: Y coordinate of public key Qy[5] | U84: Y coordinate of public key Qy[6] | AC84: Y coordinate of public key Qy[7]
C85: =DEC2HEX(HEX2DEC(C84) + 4, 8) -> 0100013C | E85: Y coordinate of public key Qy[0] | M85: Y coordinate of public key Qy[1] | U85: Y coordinate of public key Qy[2] | AC85: Y coordinate of public key Qy[3]
B86: =DEC2HEX(HEX2DEC(B82) + 1) -> 100014 | C86: =DEC2HEX(HEX2DEC(C85) + 4, 8) -> 01000140 | E86: ECDSA_SIG_R[28] | M86: ECDSA_SIG_R[29] | U86: ECDSA_SIG_R[30] | AC86: ECDSA_SIG_R[31]
C87: =DEC2HEX(HEX2DEC(C86) + 4, 8) -> 01000144 | E87: ECDSA_SIG_R[24] | M87: ECDSA_SIG_R[25] | U87: ECDSA_SIG_R[26] | AC87: ECDSA_SIG_R[27]
C88: =DEC2HEX(HEX2DEC(C87) + 4, 8) -> 01000148 | E88: ECDSA_SIG_R[20] | M88: ECDSA_SIG_R[21] | U88: ECDSA_SIG_R[22] | AC88: ECDSA_SIG_R[23]
C89: =DEC2HEX(HEX2DEC(C88) + 4, 8) -> 0100014C | E89: ECDSA_SIG_R[16] | M89: ECDSA_SIG_R[17] | U89: ECDSA_SIG_R[18] | AC89: ECDSA_SIG_R[19]
B90: =DEC2HEX(HEX2DEC(B86) + 1) -> 100015 | C90: =DEC2HEX(HEX2DEC(C89) + 4, 8) -> 01000150 | E90: ECDSA_SIG_R[12] | M90: ECDSA_SIG_R[13] | U90: ECDSA_SIG_R[14] | AC90: ECDSA_SIG_R[15]
C91: =DEC2HEX(HEX2DEC(C90) + 4, 8) -> 01000154 | E91: ECDSA_SIG_R[8] | M91: ECDSA_SIG_R[9] | U91: ECDSA_SIG_R[10] | AC91: ECDSA_SIG_R[11]
C92: =DEC2HEX(HEX2DEC(C91) + 4, 8) -> 01000158 | E92: ECDSA_SIG_R[4] | M92: ECDSA_SIG_R[5] | U92: ECDSA_SIG_R[6] | AC92: ECDSA_SIG_R[7]
C93: =DEC2HEX(HEX2DEC(C92) + 4, 8) -> 0100015C | E93: ECDSA_SIG_R[0] | M93: ECDSA_SIG_R[1] | U93: ECDSA_SIG_R[2] | AC93: ECDSA_SIG_R[3]
B94: =DEC2HEX(HEX2DEC(B90) + 1) -> 100016 | C94: =DEC2HEX(HEX2DEC(C93) + 4, 8) -> 01000160 | E94: ECDSA_SIG_S[28] | M94: ECDSA_SIG_S[29] | U94: ECDSA_SIG_S[30] | AC94: ECDSA_SIG_S[31]
C95: =DEC2HEX(HEX2DEC(C94) + 4, 8) -> 01000164 | E95: ECDSA_SIG_S[24] | M95: ECDSA_SIG_S[25] | U95: ECDSA_SIG_S[26] | AC95: ECDSA_SIG_S[27]
C96: =DEC2HEX(HEX2DEC(C95) + 4, 8) -> 01000168 | E96: ECDSA_SIG_S[20] | M96: ECDSA_SIG_S[21] | U96: ECDSA_SIG_S[22] | AC96: ECDSA_SIG_S[23]
C97: =DEC2HEX(HEX2DEC(C96) + 4, 8) -> 0100016C | E97: ECDSA_SIG_S[16] | M97: ECDSA_SIG_S[17] | U97: ECDSA_SIG_S[18] | AC97: ECDSA_SIG_S[19]
B98: =DEC2HEX(HEX2DEC(B94) + 1) -> 100017 | C98: =DEC2HEX(HEX2DEC(C97) + 4, 8) -> 01000170 | E98: ECDSA_SIG_S[12] | M98: ECDSA_SIG_S[13] | U98: ECDSA_SIG_S[14] | AC98: ECDSA_SIG_S[15]
C99: =DEC2HEX(HEX2DEC(C98) + 4, 8) -> 01000174 | E99: ECDSA_SIG_S[8] | M99: ECDSA_SIG_S[9] | U99: ECDSA_SIG_S[10] | AC99: ECDSA_SIG_S[11]
C100: =DEC2HEX(HEX2DEC(C99) + 4, 8) -> 01000178 | E100: ECDSA_SIG_S[4] | M100: ECDSA_SIG_S[5] | U100: ECDSA_SIG_S[6] | AC100: ECDSA_SIG_S[7]
C101: =DEC2HEX(HEX2DEC(C100) + 4, 8) -> 0100017C | E101: ECDSA_SIG_S[0] | M101: ECDSA_SIG_S[1] | U101: ECDSA_SIG_S[2] | AC101: ECDSA_SIG_S[3]
...

Sheet IFR0 (customer 1P02G for tool)
A1: Protected Flash Region | E1: 31 | F1: 30 | G1: 29 | H1: 28 | I1: 27 | J1: 26 | K1: 25 | L1: 24 | M1: 23 | N1: 22 | O1: 21 | P1: 20 | Q1: 19 | R1: 18 | S1: 17 | T1: 16 | U1: 15 | V1: 14 | W1: 13 | X1: 12 | Y1: 11 | Z1: 10 | AA1: 9 | AB1: 8 | AC1: 7 | AD1: 6 | AE1: 5 | AF1: 4 | AG1: 3 | AH1: 2 | AI1: 1 | AJ1: 0
E3: +3 | M3: +2 | U3: +1 | AC3: +0
E4: 31 | F4: 30 | G4: 29 | H4: 28 | I4: 27 | J4: 26 | K4: 25 | L4: 24 | M4: 23 | N4: 22 | O4: 21 | P4: 20 | Q4: 19 | R4: 18 | S4: 17 | T4: 16 | U4: 15 | V4: 14 | W4: 13 | X4: 12 | Y4: 11 | Z4: 10 | AA4: 9 | AB4: 8 | AC4: 7 | AD4: 6 | AE4: 5 | AF4: 4 | AG4: 3 | AH4: 2 | AI4: 1 | AJ4: 0
B5: Word Address (HEX) | C5: Byte Address (HEX) | D5: Field Description
A6: Customer Field Programmable Area (CFPA) | B6: 100000 | C6: 01000000 | D6: Header | E6: CFPA_HEADER | U6: INV_CFPA_LC_STATE[7:0] | AC6: CFPA_LC_STATE[7:0]
C7: 01000004 | D7: CFPA_PAGE_VERSION | E7: DICE_UPD | F7: Reserved | G7: CMPA_UPD | J7: Reserved | K7: IMG_UPD | M7: CFPA page version (Monotonic counter, should start from 1)
C8: 01000008 | D8: Secure_FW_Version | E8: Reserved | U8: Secure firmware version (Monotonic counter)
C9: 0100000C | D9: NS_FW_Version | E9: Non Secure firmware version (Monotonic counter)
B10: 100001 | C10: 01000010 | D10: reserved | E10: Reserved for future use.
C11: 01000014 | D11: SECBOOT_FLAGS | E11: OEM_RETURN_ERASE_DONE | I11: Reserved | AC11: RoTK3_EN | AE11: RoTK2_EN | AG11: RoTK1_EN | AI11: RoTK0_EN
C12: 01000018 | D12: IMAGE_KEY_REVOKE | E12: RESERVED | M12: Image key revocation ID (Monotonic counter)
C13: 0100001C | D13: LP_VECTOR_ADDR | E13: LP_VECTOR_ADDR
B14: 100002 | C14: 01000020 | D14: DBG_REVOKE_VU | E14: Inverse value of [15:0] | U14: Debug certificate revocation counter (monotonic counter)
C15: 01000024 | D15: DCFG_CC_SOCU_NS_PIN | E15: Inverse value of [15:0] | U15: UUID_CHECK | Z15: CPU1_DBGEN | AA15: CPU1_NIDEN | AB15: ME_CMD_EN | AC15: FA_CMD_EN | AD15: ISP_CMD_EN | AE15: DSP_DBGEN | AF15: 0 | AG15: SPIDEN | AH15: SPNIDEN | AI15: DBGEN | AJ15: NIDEN
C16: 01000028 | D16: DCFG_CC_SOCU_NS_DFLT | E16: Inverse value of [15:0] | Z16: CPU1_DBGEN | AA16: CPU1_NIDEN | AB16: ME_CMD_EN | AC16: FA_CMD_EN | AD16: ISP_CMD_EN | AE16: DSP_DBGEN | AF16: 0 | AG16: SPIDEN | AH16: SPNIDEN | AI16: DBGEN | AJ16: NIDEN
C17: 0100002C | D17: reserved | E17: Reserved
B18: 100003 | C18: 01000030 | D18: MCTR_NPX_CTX0 | E18: Erase count for internal Prince region 0 (Monotonic counter)
C19: 01000034 | D19: MCTR_NPX_CTX1 | E19: Erase count for internal Prince region 1 (Monotonic counter)
C20: 01000038 | D20: MCTR_NPX_CTX2 | E20: Erase count for internal Prince region 2 (Monotonic counter)
C21: 0100003C | D21: MCTR_NPX_CTX3 | E21: Erase count for internal Prince region 3 (Monotonic counter)
B22: 100004 | C22: 01000040 | D22: MCTR_IPED_CTX0 | E22: Erase count for external Prince region 0 (Monotonic counter)
C23: 01000044 | D23: MCTR_IPED_CTX1 | E23: Erase count for external Prince region 1 (Monotonic counter)
C24: 01000048 | D24: MCTR_IPED_CTX2 | E24: Erase count for external Prince region 2 (Monotonic counter)
C25: 0100004C | D25: MCTR_IPED_CTX3 | E25: Erase count for external Prince region 3 (Monotonic counter)
B26: 100005 | C26: 01000050 | D26: MCTR_IPED_CTX4 | E26: Erase count for external Prince region 4 (Monotonic counter)
C27: 01000054 | D27: MCTR_IPED_CTX5 | E27: Erase count for external Prince region 5 (Monotonic counter)
C28: 01000058 | D28: MCTR_IPED_CTX6 | E28: Erase count for external Prince region 6 (Monotonic counter)
C29: 0100005C | D29: MCTR_IPED_CTX7 | E29: Erase count for external Prince region 7 (Monotonic counter)
B30: 100006 | C30: 01000060 | D30: ERR_AUTH_FAIL_COUNT | E30: Authentication failure counter during boot, SB3, debug authentication (Monotonic counter)
C31: 01000064 | D31: ERR_ITRC_COUNT | E31: Tamper event counter (Any ITRC reset caused by tamper events such as WDT reset, CDOG reset, GDET reset, Tamper pin) (Monotonic counter)
C32: 01000068 | D32: reserved | E32: Reserved for future use.
C33: 0100006C | D33: reserved | E33: Reserved for future use.
B34: 100007 | C34: 01000070 | D34: reserved | E34: Reserved for future use.
C35: 01000074 | D35: reserved | E35: Reserved for future use.
C36: 01000078 | D36: reserved | E36: Reserved for future use.
C37: 0100007C | D37: reserved | E37: Reserved for future use.
B38: 100008 | C38: 01000080 | D38: MCTR_CUST_CTR0 | E38: Customer defined Monotonic counter 0
C39: 01000084 | D39: MCTR_CUST_CTR1 | E39: Customer defined Monotonic counter 1
C40: 01000088 | D40: MCTR_CUST_CTR2 | E40: Customer defined Monotonic counter 2
C41: 0100008C | D41: MCTR_CUST_CTR3 | E41: Customer defined Monotonic counter 3
B42: 100009 | C42: 01000090 | D42: MCTR_CUST_CTR4 | E42: Customer defined Monotonic counter 4
C43: 01000094 | D43: MCTR_CUST_CTR5 | E43: Customer defined Monotonic counter 5
C44: 01000098 | D44: MCTR_CUST_CTR6 | E44: Customer defined Monotonic counter 6
C45: 0100009C | D45: MCTR_CUST_CTR7 | E45: Customer defined Monotonic counter 7
B46: 10000A | C46: 010000A0 | D46: MFLAG_CUST_0 | E46: Customer defined Monotonic flags 0 (once a bit is set the newer version of the page should have the flag set.)
C47: 010000A4 | D47: MFLAG_CUST_1 | E47: Customer defined Monotonic flags 1
C48: 010000A8 | D48: MFLAG_CUST_2 | E48: Customer defined Monotonic flags 2
C49: 010000AC | D49: MFLAG_CUST_3 | E49: Customer defined Monotonic flags 3
B50: 10000B | C50: 010000B0 | D50: MFLAG_CUST_4 | E50: Customer defined Monotonic flags 4
C51: 010000B4 | D51: MFLAG_CUST_5 | E51: Customer defined Monotonic flags 5
C52: 010000B8 | D52: MFLAG_CUST_6 | E52: Customer defined Monotonic flags 6
C53: 010000BC | D53: MFLAG_CUST_7 | E53: Customer defined Monotonic flags 7
B54: 10000C | C54: 010000C0 | D54: FLASH_ACL_0_7 | F54: ACL_SEC_7 | J54: ACL_SEC_6 | N54: ACL_SEC_5 | R54: ACL_SEC_4 | V54: ACL_SEC_3 | Z54: ACL_SEC_2 | AD54: ACL_SEC_1 | AH54: ACL_SEC_0
C55: 010000C4 | D55: FLASH_ACL_8_15 | F55: ACL_SEC_15 | J55: ACL_SEC_14 | N55: ACL_SEC_13 | R55: ACL_SEC_12 | V55: ACL_SEC_11 | Z55: ACL_SEC_10 | AD55: ACL_SEC_9 | AH55: ACL_SEC_8
C56: 010000C8 | D56: FLASH_ACL_16_23 | F56: ACL_SEC_23 | J56: ACL_SEC_22 | N56: ACL_SEC_21 | R56: ACL_SEC_20 | V56: ACL_SEC_19 | Z56: ACL_SEC_18 | AD56: ACL_SEC_17 | AH56: ACL_SEC_16
C57: 010000CC | D57: FLASH_ACL_24_31 | F57: ACL_SEC_31 | J57: ACL_SEC_30 | N57: ACL_SEC_29 | R57: ACL_SEC_28 | V57: ACL_SEC_27 | Z57: ACL_SEC_26 | AD57: ACL_SEC_25 | AH57: ACL_SEC_24
B58: 10000D | C58: 010000D0 | D58: FLASH_ACL_32_39 | F58: ACL_SEC_39 | J58: ACL_SEC_38 | N58: ACL_SEC_37 | R58: ACL_SEC_36 | V58: ACL_SEC_35 | Z58: ACL_SEC_34 | AD58: ACL_SEC_33 | AH58: ACL_SEC_32
C59: 010000D4 | D59: FLASH_ACL_40_47 | F59: ACL_SEC_47 | J59: ACL_SEC_46 | N59: ACL_SEC_45 | R59: ACL_SEC_44 | V59: ACL_SEC_43 | Z59: ACL_SEC_42 | AD59: ACL_SEC_41 | AH59: ACL_SEC_40
C60: 010000D8 | D60: FLASH_ACL_48_55 | F60: ACL_SEC_55 | J60: ACL_SEC_54 | N60: ACL_SEC_53 | R60: ACL_SEC_52 | V60: ACL_SEC_51 | Z60: ACL_SEC_50 | AD60: ACL_SEC_49 | AH60: ACL_SEC_48
C61: 010000DC | D61: FLASH_ACL_56_63 | F61: ACL_SEC_63 | J61: ACL_SEC_62 | N61: ACL_SEC_61 | R61: ACL_SEC_60 | V61: ACL_SEC_59 | Z61: ACL_SEC_58 | AD61: ACL_SEC_57 | AH61: ACL_SEC_56
B62: 10000E | C62: 010000E0 | D62: IMG0_CMAC | E62: IMG0_CMAC[31:0]
C63: 010000E4 | D63: IMG0_CMAC | E63: IMG0_CMAC[63:32]
C64: 010000E8 | D64: IMG0_CMAC | E64: IMG0_CMAC[95:64]
C65: 010000EC | D65: IMG0_CMAC | E65: IMG0_CMAC[127:96]
B66: 10000F | C66: 010000F0 | D66: IMG1_CMAC | E66: IMG1_CMAC[31:0]
C67: 010000F4 | D67: IMG1_CMAC | E67: IMG1_CMAC[63:32]
C68: 010000F8 | D68: IMG1_CMAC | E68: IMG1_CMAC[95:64]
C69: 010000FC | D69: IMG1_CMAC | E69: IMG1_CMAC[127:96]
B70: 100010 | C70: 01000100 | D70: DICE Certificate | E70: X_COORD_PUB_KEY_QX_28 | M70: X_COORD_PUB_KEY_QX_29 | U70: X_COORD_PUB_KEY_QX_30 | AC70: X_COORD_PUB_KEY_QX_31
C71: 01000104 | E71: X_COORD_PUB_KEY_QX_24 | M71: X_COORD_PUB_KEY_QX_25 | U71: X_COORD_PUB_KEY_QX_26 | AC71: X_COORD_PUB_KEY_QX_27
C72: 01000108 | E72: X_COORD_PUB_KEY_QX_20 | M72: X_COORD_PUB_KEY_QX_21 | U72: X_COORD_PUB_KEY_QX_22 | AC72: X_COORD_PUB_KEY_QX_23
C73: 0100010C | E73: X_COORD_PUB_KEY_QX_16 | M73: X_COORD_PUB_KEY_QX_17 | U73: X_COORD_PUB_KEY_QX_18 | AC73: X_COORD_PUB_KEY_QX_19
B74: 100011 | C74: 01000110 | E74: X_COORD_PUB_KEY_QX_12 | M74: X_COORD_PUB_KEY_QX_13 | U74: X_COORD_PUB_KEY_QX_14 | AC74: X_COORD_PUB_KEY_QX_15
C75: 01000114 | E75: X_COORD_PUB_KEY_QX_8 | M75: X_COORD_PUB_KEY_QX_9 | U75: X_COORD_PUB_KEY_QX_10 | AC75: X_COORD_PUB_KEY_QX_11
C76: 01000118 | E76: X_COORD_PUB_KEY_QX_4 | M76: X_COORD_PUB_KEY_QX_5 | U76: X_COORD_PUB_KEY_QX_6 | AC76: X_COORD_PUB_KEY_QX_7
C77: 0100011C | E77: X_COORD_PUB_KEY_QX_0 | M77: X_COORD_PUB_KEY_QX_1 | U77: X_COORD_PUB_KEY_QX_2 | AC77: X_COORD_PUB_KEY_QX_3
B78: 100012 | C78: 01000120 | E78: Y_COORD_PUB_KEY_QY_28 | M78: Y_COORD_PUB_KEY_QY_29 | U78: Y_COORD_PUB_KEY_QY_30 | AC78: Y_COORD_PUB_KEY_QY_31
C79: 01000124 | E79: Y_COORD_PUB_KEY_QY_24 | M79: Y_COORD_PUB_KEY_QY_25 | U79: Y_COORD_PUB_KEY_QY_26 | AC79: Y_COORD_PUB_KEY_QY_27
C80: 01000128 | E80: Y_COORD_PUB_KEY_QY_20 | M80: Y_COORD_PUB_KEY_QY_21 | U80: Y_COORD_PUB_KEY_QY_22 | AC80: Y_COORD_PUB_KEY_QY_23
C81: 0100012C | E81: Y_COORD_PUB_KEY_QY_16 | M81: Y_COORD_PUB_KEY_QY_17 | U81: Y_COORD_PUB_KEY_QY_18 | AC81: Y_COORD_PUB_KEY_QY_19
B82: 100013 | C82: 01000130 | E82: Y_COORD_PUB_KEY_QY_12 | M82: Y_COORD_PUB_KEY_QY_13 | U82: Y_COORD_PUB_KEY_QY_14 | AC82: Y_COORD_PUB_KEY_QY_15
C83: 01000134 | E83: Y_COORD_PUB_KEY_QY_8 | M83: Y_COORD_PUB_KEY_QY_9 | U83: Y_COORD_PUB_KEY_QY_10 | AC83: Y_COORD_PUB_KEY_QY_11
C84: 01000138 | E84: Y_COORD_PUB_KEY_QY_4 | M84: Y_COORD_PUB_KEY_QY_5 | U84: Y_COORD_PUB_KEY_QY_6 | AC84: Y_COORD_PUB_KEY_QY_7
C85: 0100013C | E85: Y_COORD_PUB_KEY_QY_0 | M85: Y_COORD_PUB_KEY_QY_1 | U85: Y_COORD_PUB_KEY_QY_2 | AC85: Y_COORD_PUB_KEY_QY_3
B86: 100014 | C86: 01000140 | E86: ECDSA_SIG_R_28 | M86: ECDSA_SIG_R_29 | U86: ECDSA_SIG_R_30 | AC86: ECDSA_SIG_R_31
C87: 01000144 | E87: ECDSA_SIG_R_24 | M87: ECDSA_SIG_R_25 | U87: ECDSA_SIG_R_26 | AC87: ECDSA_SIG_R_27
C88: 01000148 | E88: ECDSA_SIG_R_20 | M88: ECDSA_SIG_R_21 | U88: ECDSA_SIG_R_22 | AC88: ECDSA_SIG_R_23
C89: 0100014C | E89: ECDSA_SIG_R_16 | M89: ECDSA_SIG_R_17 | U89: ECDSA_SIG_R_18 | AC89: ECDSA_SIG_R_19
B90: 100015 | C90: 01000150 | E90: ECDSA_SIG_R_12 | M90: ECDSA_SIG_R_13 | U90: ECDSA_SIG_R_14 | AC90: ECDSA_SIG_R_15
C91: 01000154 | E91: ECDSA_SIG_R_8 | M91: ECDSA_SIG_R_9 | U91: ECDSA_SIG_R_10 | AC91: ECDSA_SIG_R_11
C92: 01000158 | E92: ECDSA_SIG_R_4 | M92: ECDSA_SIG_R_5 | U92: ECDSA_SIG_R_6 | AC92: ECDSA_SIG_R_7
C93: 0100015C | E93: ECDSA_SIG_R_0 | M93: ECDSA_SIG_R_1 | U93: ECDSA_SIG_R_2 | AC93: ECDSA_SIG_R_3
B94: 100016 | C94: 01000160 | E94: ECDSA_SIG_S_28 | M94: ECDSA_SIG_S_29 | U94: ECDSA_SIG_S_30 | AC94: ECDSA_SIG_S_31
C95: 01000164 | E95: ECDSA_SIG_S_24 | M95: ECDSA_SIG_S_25 | U95: ECDSA_SIG_S_26 | AC95: ECDSA_SIG_S_27
C96: 01000168 | E96: ECDSA_SIG_S_20 | M96: ECDSA_SIG_S_21 | U96: ECDSA_SIG_S_22 | AC96: ECDSA_SIG_S_23
C97: 0100016C | E97: ECDSA_SIG_S_16 | M97: ECDSA_SIG_S_17 | U97: ECDSA_SIG_S_18 | AC97: ECDSA_SIG_S_19
B98: 100017 | C98: 01000170 | E98: ECDSA_SIG_S_12 | M98: ECDSA_SIG_S_13 | U98: ECDSA_SIG_S_14 | AC98: ECDSA_SIG_S_15
C99: 01000174 | E99: ECDSA_SIG_S_8 | M99: ECDSA_SIG_S_9 | U99: ECDSA_SIG_S_10 | AC99: ECDSA_SIG_S_11
C100: 01000178 | E100: ECDSA_SIG_S_4 | M100: ECDSA_SIG_S_5 | U100: ECDSA_SIG_S_6 | AC100: ECDSA_SIG_S_7
C101: 0100017C | E101: ECDSA_SIG_S_0 | M101: ECDSA_SIG_S_1 | U101: ECDSA_SIG_S_2 | AC101: ECDSA_SIG_S_3
...

Sheet IFR1 (customer)
B1: IFR1 Address | C1: Field name | D1: Field Description
B3: 0x0110_0000 - 0x0110_000F | C3: UUID[127:0] | D3: Universal Unique Identifier (UUID) programmed per part as per RFC4122 version 5 specification.
B4: 0x0110_0010 - 0x0110_001F | C4: ECID[127:0] | D4: NXP's Electronic Chip Identifier(ECID) used for identifying manufacturing batch the part belongs.
B5: 0x0110_0020 - 0x0110_007F | C5: ELS_TRNG_CONFIG | D5: TRNG configuration data used for initializing the entropy source in ELS subsystem. Only first 84 bytes are used. By default boot ROM initializes the entropy source on start-up. But this data can be used to re-initialize ELS, when the ELS susbsytem is reset without complete chip reset.
B6: 0x0110_0080 - 0x0110_008F | C6: Reserved
B7: 0x0110_0090 - 0x0110_009F | C7: GDET_CONFIG0 | D7: Digital glitch detector 0 configuration used by boot ROM.
B8: 0x0110_00A0 - 0x0110_00AF | C8: GDET_CONFIG1 | D8: Digital glitch detector 1 configuration used by boot ROM.
B9: 0x0110_00B0 - 0x0110_01FF | C9: Reserved
B10: 0x0110_0200 - 0x0110_05FF | C10: PUF_ACTIV_CODE | D10: PUF activation code 1000 bytes + 24 bytes header/padding used by boot ROM to initilize SRAM PUF.
B11: 0x0110_0600 - 0x0110_0BFF | C11: NXP_DEV_CERT | D11: NXP signed device identity certificate in compressed binary format.
B12: 0x0110_0C00 - 0x0110_0FFF | C12: Reserved

Sheet nirvana1_ifr1_1P02G
B1: NMPA & NXP KEY AREA | C1: IFR Signal | D1: MSB | E1: LSB | F1: Width | G1: Instance | H1: Inverted | I1: Pin | J1: IFR1 Phrase Offset (hex) | K1: XADR | L1: YADR | M1: Register Field | N1: NMPA & NXP KEY AREA Field | O1: Default Trim Value | P1: Trim Source (M=Mask,P=Part,D=Die) | Q1: Production value | R1: Approved | S1: Description | T1: ES2/ Responsible | U1: A1 CES samples | V1: =nirvana1_phantom_1P02G!E3 -> MCXN947VDFT | W1: =nirvana1_phantom_1P02G!F3 -> MCXN947VPBT | X1: =nirvana1_phantom_1P02G!G3 -> MCXN947VKLT | Y1: =nirvana1_phantom_1P02G!I3 -> MCXN946VDFT | Z1: =nirvana1_phantom_1P02G!J3 -> MCXN946VPBT | AA1: =nirvana1_phantom_1P02G!K3 -> MCXN946VKLT | AB1: =nirvana1_phantom_1P02G!M3 -> MCXN547VDFT | AC1: =nirvana1_phantom_1P02G!N3 -> MCXN547VPBT | AD1: =nirvana1_phantom_1P02G!O3 -> MCXN547VKLT | AE1: =nirvana1_phantom_1P02G!Q3 -> MCXN546VDFT | AF1: =nirvana1_phantom_1P02G!R3 -> MCXN546VPBT | AG1: =nirvana1_phantom_1P02G!S3 -> MCXN546VKLT | AH1: =nirvana1_phantom_1P02G!T3 -> MCXN546VABR | AI1: =nirvana1_phantom_1P02G!U3 -> MCXN527VDFT | AJ1: =nirvana1_phantom_1P02G!V3 -> MCXN527VKLT | BR1: Non-Secure
V2: =nirvana1_phantom_1P02G!E3 -> MCXN947VDFT | W2: =nirvana1_phantom_1P02G!F3 -> MCXN947VPBT | X2: =nirvana1_phantom_1P02G!G3 -> MCXN947VKLT | Y2: =nirvana1_phantom_1P02G!I3 -> MCXN946VDFT | Z2: =nirvana1_phantom_1P02G!J3 -> MCXN946VPBT | AA2: =nirvana1_phantom_1P02G!K3 -> MCXN946VKLT | AB2: =nirvana1_phantom_1P02G!M3 -> MCXN547VDFT | AC2: =nirvana1_phantom_1P02G!N3 -> MCXN547VPBT | AD2: =nirvana1_phantom_1P02G!O3 -> MCXN547VKLT | AE2: =nirvana1_phantom_1P02G!Q3 -> MCXN546VDFT | AF2: =nirvana1_phantom_1P02G!R3 -> MCXN546VPBT | AG2: =nirvana1_phantom_1P02G!S3 -> MCXN546VKLT | AH2: =nirvana1_phantom_1P02G!T3 -> MCXN546VABR | AI2: =nirvana1_phantom_1P02G!U3 -> MCXN527VDFT | AJ2: =nirvana1_phantom_1P02G!V3 -> MCXN527VKLT | AK2: =nirvana1_phantom_1P02G!X3 -> MCXN526VDFT | AL2: =nirvana1_phantom_1P02G!Y3 -> MCXN526VKLT | AM2: =nirvana1_phantom_1P02G!AA3 -> MCXN556SCDFT | AN2: =nirvana1_phantom_1P02G!AB3 -> MCXN247VDFT | AO2: =nirvana1_phantom_1P02G!AC3 -> MCXN247VKLT | AP2: =nirvana1_phantom_1P02G!AD3 -> MCXN247VPBT | AQ2: =nirvana1_phantom_1P02G!AE3 -> MCXN247VABR | AR2: =nirvana1_phantom_1P02G!AG3 -> MCXN537VDFT | AS2: =nirvana1_phantom_1P02G!AH3 -> MCXN537VPBT | AT2: =nirvana1_phantom_1P02G!AI3 -> MCXN537VKLT | AU2: =nirvana1_phantom_1P02G!AJ3 -> MCXN537VABR | AV2: =nirvana1_phantom_1P02G!AK3 -> MCXN536VDFT | AW2: =nirvana1_phantom_1P02G!AL3 -> MCXN536VPBT | AX2: =nirvana1_phantom_1P02G!AM3 -> MCXN536VKLT | AY2: =nirvana1_phantom_1P02G!AN3 -> MCXN536VABR | ... BQ2: =nirvana1_phantom_1P02G!BF3 -> 0 | BR2: =nirvana1_phantom_1P02G!E19 -> 4'h8 | BS2: =nirvana1_phantom_1P02G!F19 -> 4'h8 | BT2: =nirvana1_phantom_1P02G!G19 -> 4'h8 | BU2: =nirvana1_phantom_1P02G!I19 -> 4'h6 | BV2: =nirvana1_phantom_1P02G!J19 -> 4'h6 | BW2: =nirvana1_phantom_1P02G!K19 -> 4'h6 | BX2: =nirvana1_phantom_1P02G!M19 -> 4'h8 | BY2: =nirvana1_phantom_1P02G!N19 -> 4'h8 | BZ2: =nirvana1_phantom_1P02G!O19 -> 4'h8 | CA2: =nirvana1_phantom_1P02G!Q19 -> 4'h6 | CB2: =nirvana1_phantom_1P02G!R19 -> 4'h6 | CC2: =nirvana1_phantom_1P02G!S19 -> 4'h6 | CD2: =nirvana1_phantom_1P02G!T19 -> 4'h6 | CE2: =nirvana1_phantom_1P02G!U19 -> 4'h8 | CF2: =nirvana1_phantom_1P02G!V19 -> 4'h8 | CG2: =nirvana1_phantom_1P02G!X19 -> 4'h6 | CH2: =nirvana1_phantom_1P02G!Y19 -> 4'h6 | CI2: =nirvana1_phantom_1P02G!AA19 -> 4'h6 | CJ2: =nirvana1_phantom_1P02G!AB19 -> 4'h8 | CK2: =nirvana1_phantom_1P02G!AC19 -> 4'h8 | CL2: =nirvana1_phantom_1P02G!AD19 -> 4'h8 | CM2: =nirvana1_phantom_1P02G!AE19 -> 4'h8 | CN2: =nirvana1_phantom_1P02G!AG19 -> 4'h8 | CO2: =nirvana1_phantom_1P02G!AH19 -> 4'h8 | CP2: =nirvana1_phantom_1P02G!AI19 -> 4'h8 | CQ2: =nirvana1_phantom_1P02G!AJ19 -> 4'h8 | CR2: =nirvana1_phantom_1P02G!AK19 -> 4'h6 | CS2: =nirvana1_phantom_1P02G!AL19 -> 4'h6 | CT2: =nirvana1_phantom_1P02G!AM19 -> 4'h6 | CU2: =nirvana1_phantom_1P02G!AN19 -> 4'h6 | ... DM2: =nirvana1_phantom_1P02G!BF19 -> 0
B3: Identity data | D3: 127 | E3: 0 | F3: 128 | G3: UUID | J3: 000 | K3: 0 | L3: 0 | N3: UUID[127:0] | R3: TP-FW | S3: UUID computed as per RFC4122 by test program using ECID. | T3: TE | U3: UUID pattern
D4: 127 | E4: 0 | F4: 128 | G4: ECID | J4: 001 | N4: ECID[127:0] | R4: ATE-Copy ECID | S4: Copy of ECID in open area. Upper portion of IFR1 with ROM patch is hidden during user execution. | T4: TE | U4: ECID
D5: 761 | E5: 0 | F5: 762 | G5: TRNG_CFG0 | J5: 002 | N5: S50_TRNG_CONFIG | Q5: Use A1 TRNG config column | R5: Pending | S5: HMAC signed configuration for TRNG present inside S50. 84 bytes. | T5: Validation, IP, STEC | U5: use A0 TRNG config, until new CZ data avilable
D6: 127 | E6: 0 | F6: 4 | G6: AGDET_CFG | J6: 008 | N6: AGDET_CONFIG | O6: 32'h0000000C | Q6: 32'h0000000C | R6: VA sensistive value which requires retest | S6: Analog glitch detector ripple count threshold. [3:2] Anti pole threshold count [1:0] Threshold Count | T6: Validation, VA | U6: 32'h00000009
E7: 4 | F7: 124 | J7: 008 | N7: Reserved | U7: ffffffff_ffffffff_ffffffff
D8: 127 | E8: 0 | F8: 128 | G8: GDET_CFG0 | J8: 009 | N8: GDET_CONFIG | Q8: Use A1 GDET config value | R8: GDET config tab updated | S8: Digital glitch detector 0 configuration. | T8: Validation | U8: Use A1 typical GDET config until matrix is available
D10: 127 | E10: 0 | F10: 128 | G10: GDET_CFG1 | J10: 00A | Q10: Use A1 GDET config value | S10: Digital glitch detector 1 configuration. | T10: Validation
D11: 63 | E11: 0 | F11: 64 | J11: 00B | N11: PUF_SRAM_CFG | O11: 64'h00000000 | Q11: 32'h00000000 | R11: ATE-PUF_config | S11: PUF SRAM controller initialization settings. | T11: Design - SRAM | U11: 32'h00000000
D12: 127 | E12: 64 | F12: 64 | J12: 00B | N12: Reserved
S13: RESERVED for - powerlib configuration - XTAL 32K CAP bank triming - or NXP provided library configuration data.
D14: 8191 | E14: 0 | F14: 8192 | J14: 020 | N14: PUF_ACTIV_CODE | R14: TP-FW | S14: PUF activation code 1000 bytes + 24 bytes header/padding | T14: LC_FAB | U14: Prov command
J15: 060 | N15: NXP_DEV_CERT | R15: TP-FW | S15: NXP device certificate. 1488 bytes | T15: LC_FAB | U15: Prov command
D17: =E17+F17-1 -> 127 | E17: 0 | F17: 128
D18: =E18+F18-1 -> 31 | E18: 0 | F18: 32 | J18: 0BD | N18: WT1_TEST_VERSION | R18: ATE-NVM | S18: Wafer test 1 information log | T18: TE
D19: =E19+F19-1 -> 63 | E19: =D18+1 -> 32 | F19: 32 | J19: 0BD | N19: WT1_TEST_DATE | R19: ATE-NVM | T19: TE
D20: =E20+F20-1 -> 95 | E20: =D19+1 -> 64 | F20: 32 | J20: 0BD | N20: WT1_TEST_TIME | R20: ATE-NVM | T20: TE
D21: =E21+F21-1 -> 127 | E21: =D20+1 -> 96 | F21: 32 | J21: 0BD | N21: WT1_TEST_INFO | R21: ATE-NVM | T21: TE
D22: =E22+F22-1 -> 31 | E22: 0 | F22: 32 | J22: 0BE | N22: WT2_TEST_VERSION | R22: ATE-NVM | S22: Wafer test 2 information log | T22: TE
D23: =E23+F23-1 -> 63 | E23: =D22+1 -> 32 | F23: 32 | J23: 0BE | N23: WT2_TEST_DATE | R23: ATE-NVM | T23: TE
D24: =E24+F24-1 -> 95 | E24: =D23+1 -> 64 | F24: 32 | J24: 0BE | N24: WT2_TEST_TIME | R24: ATE-NVM | T24: TE
D25: =E25+F25-1 -> 127 | E25: =D24+1 -> 96 | F25: 32 | J25: 0BE | N25: WT2_TEST_INFO | R25: ATE-NVM | T25: TE
D26: =E26+F26-1 -> 31 | E26: 0 | F26: 32 | J26: 0BF | N26: FINAL_TEST_VERSION | R26: ATE-NVM | S26: Final test information log | T26: TE
D27: =E27+F27-1 -> 63 | E27: =D26+1 -> 32 | F27: 32 | J27: 0BF | N27: FINAL_TEST_DATE | R27: ATE-NVM | T27: TE
D28: =E28+F28-1 -> 95 | E28: =D27+1 -> 64 | F28: 32 | J28: 0BF | N28: FINAL_TEST_TIME | R28: ATE-NVM | T28: TE
D29: =E29+F29-1 -> 127 | E29: =D28+1 -> 96 | F29: 32 | J29: 0BF | N29: FINAL_TEST_INFO | R29: ATE-NVM | T29: TE
B30: MSF Test for array 0 | J30: 0C0 | K30: 6 | L30: 0 | P30: P | R30: ATE-NVM | S30: Reserved
D31: 31 | E31: 0 | F31: 32 | J31: 0E0 | K31: 7 | L31: 0 | M31: arraytrim0_0 | O31: 32'h00000000 | P31: D | R31: ATE-NVM | S31: Array Trim - Block 0, Word 0 | T31: TE-NVM
D32: =E32+F32-1 -> 63 | E32: =D31+1 -> 32 | F32: 32 | M32: arraytrim0_1 | O32: 32'h00000000 | R32: ATE-NVM | S32: Array Trim - Block 0, Word 1 | T32: TE-NVM
D33: =E33+F33-1 -> 95 | E33: =D32+1 -> 64 | F33: 32 | M33: arraytrim0_2 | O33: 32'h00000000 | R33: ATE-NVM | S33: Array Trim - Block 0, Word 2 | T33: TE-NVM
D34: =E34+F34-1 -> 127 | E34: =D33+1 -> 96 | F34: 32 | M34: arraytrim0_3 | O34: 32'h00000000 | R34: ATE-NVM | S34: Array Trim - Block 0, Word 3 | T34: TE-NVM
D35: 31 | E35: 0 | F35: 32 | J35: 0E1 | K35: 7 | L35: 1 | M35: repair00_0 | O35: 32'h00000000 | P35: D | R35: ATE-NVM | S35: Repair0 - Block 0, Word 0 | T35: TE-NVM
D36: =E36+F36-1 -> 63 | E36: =D35+1 -> 32 | F36: 32 | M36: repair00_1 | O36: 32'h00000000 | R36: ATE-NVM | S36: Repair0 - Block 0, Word 1 | T36: TE-NVM
D37: =E37+F37-1 -> 95 | E37: =D36+1 -> 64 | F37: 32 | M37: repair00_2 | O37: 32'h00000000 | R37: ATE-NVM | S37: Repair0 - Block 0, Word 2 | T37: TE-NVM
D38: =E38+F38-1 -> 127 | E38: =D37+1 -> 96 | F38: 32 | M38: repair00_3 | O38: 32'h00000000 | R38: ATE-NVM | S38: Repair0 - Block 0, Word 3 | T38: TE-NVM
D39: 31 | E39: 0 | F39: 32 | J39: 0E2 | K39: 7 | L39: 2 | M39: repair01_0 | O39: 32'h00000000 | P39: D | R39: ATE-NVM | S39: Repair1 - Block 0, Word 0 | T39: TE-NVM
D40: =E40+F40-1 -> 63 | E40: =D39+1 -> 32 | F40: 32 | M40: repair01_1 | O40: 32'h00000000 | R40: ATE-NVM | S40: Repair1 - Block 0, Word 1 | T40: TE-NVM
D41: =E41+F41-1 -> 95 | E41: =D40+1 -> 64 | F41: 32 | M41: repair01_2 | O41: 32'h00000000 | R41: ATE-NVM | S41: Repair1 - Block 0, Word 2 | T41: TE-NVM
D42: =E42+F42-1 -> 127 | E42: =D41+1 -> 96 | F42: 32 | M42: repair01_3 | O42: 32'h00000000 | R42: ATE-NVM | S42: Repair1 - Block 0, Word 3 | T42: TE-NVM
D43: 127 | E43: 0 | F43: 128 | J43: 0E3 | K43: 7 | L43: 3 | P43: D | R43: ATE-NVM | S43: RESERVED as needed for TSMC block 0 or common data
F44: =(HEX2DEC(J45) - HEX2DEC(J43) - 1)*128 -> 3584 | S44: RESERVED
D45: =F45-1 -> 2047 | E45: 0 | F45: 2048 | J45: 100 | K45: 8 | L45: 0 | P45: D | R45: ATE-NVM | S45: Test Data Region. in K4, beginning of 0x1000 is used to store Lot ID, Wafer ID, and Die Co-ordinate. | T45: TE
D46: 2047 | E46: 0 | F46: 2048 | J46: 110 | K46: 8 | L46: 15 | P46: D | T46: TE
D47: 2047 | E47: 0 | F47: 2048 | J47: 120 | K47: 9 | L47: 0 | P47: D | T47: TE
D48: 2047 | E48: 0 | F48: 2048 | J48: 130 | K48: 9 | L48: 15 | P48: D | T48: TE
J49: 140 | K49: A | L49: 0 | S49: AVAILABLE | T49: TE
D51: 31 | E51: 0 | F51: 32 | J51: 160 | K51: B | L51: 0 | O51: 32'hC0DEC0DENA | P51: D | R51: ATE-NVM | S51: MSF C0DE_C0DE field to enable auto-load of FMU parameter registers | T51: TE-NVM
D52: =E52+F52-1 -> 35 | E52: =D51+1 -> 32 | F52: 4 | J52: 160 | M52: FCTRL[RWSC] | O52: 4'h1 | P52: P | R52: ATE-NVM | S52: MSF Read Wait-State Control for FMC reads | T52: TE-NVM
D53: =E53+F53-1 -> 63 | E53: =D52+1 -> 36 | F53: 28 | J53: 160 | O53: 28'hfffffff | R53: ATE-NVM | S53: FMUPARM01 | T53: TE-NVM
D54: =E54+F54-1 -> 65 | E54: =D53+1 -> 64 | F54: 2 | J54: 160 | O54: 2'h3 | R54: ATE-NVM | S54: FMUPARM02 | T54: TE-NVM
D55: =E55+F55-1 -> 66 | E55: =D54+1 -> 66 | F55: 1 | J55: 160 | M55: lsact_en | O55: 1'h0 | R55: ATE-NVM | T55: TE-NVM
D56: =E56+F56-1 -> 67 | E56: =D55+1 -> 67 | F56: 1 | J56: 160 | M56: MCTL[LSACTWREN] | O56: 1'h1 | P56: P | R56: ATE-NVM | S56: MSF LS Active Write Enable | T56: TE-NVM
D57: =E57+F57-1 -> 68 | E57: =D56+1 -> 68 | F57: 1 | J57: 160 | M57: MCTL[MASTER_REPAIR_EN] | O57: 1'h1 | P57: P | R57: ATE-NVM | S57: MSF Master Repair Enalbe | T57: TE-NVM
D58: =E58+F58-1 -> 69 | E58: =D57+1 -> 69 | F58: 1 | J58: 160 | M58: MCTL[RFCMDEN] | O58: 1'h1 | P58: P | R58: ATE-NVM | S58: MSF RF Command Enable | T58: TE-NVM
D59: =E59+F59-1 -> 70 | E59: =D58+1 -> 70 | F59: 1 | J59: 160 | M59: MCTL[CWSABTEN] | O59: 1'h1 | P59: P | R59: ATE-NVM | S59: MSF Command Write Sequence Abort Enable | T59: TE-NVM
D60: =E60+F60-1 -> 71 | E60: =D59+1 -> 71 | F60: 1 | J60: 160 | M60: MCTL[MRGRDDIS] | O60: 1'h1 | P60: P | R60: ATE-NVM | S60: MSF Margin Read Disable for read commands | T60: TE-NVM
D61: =E61+F61-1 -> 75 | E61: =D60+1 -> 72 | F61: 4 | J61: 160 | M61: MCTL[MRGRD0] | O61: 4'h8 | P61: P | R61: ATE-NVM | S61: MSF Margin Read-0 Setting for read commands | T61: TE-NVM
D62: =E62+F62-1 -> 79 | E62: =D61+1 -> 76 | F62: 4 | J62: 160 | M62: MCTL[MRGRD1] | O62: 4'h4 | P62: P | R62: ATE-NVM | S62: MSF Margin Read-1 Setting for read commands | T62: TE-NVM
D63: =E63+F63-1 -> 87 | E63: =D62+1 -> 80 | F63: 8 | J63: 160 | O63: 8'hff | R63: ATE-NVM | S63: FMUPARM02 | T63: TE-NVM
D64: =E64+F64-1 -> 88 | E64: =D63+1 -> 88 | F64: 1 | J64: 160 | M64: salv_dis | O64: 1'h0 | R64: ATE-NVM | S64: fmu_ifr1.salv_dis | T64: TE-NVM
D65: =E65+F65-1 -> 95 | E65: =D64+1 -> 89 | F65: 7 | J65: 160 | O65: 7'h7f | R65: ATE-NVM | S65: FMUPARM02 | T65: TE-NVM
D66: =E66+F66-1 -> 127 | E66: =D65+1 -> 96 | F66: 32 | J66: 160 | O66: 32'h7C78FF18 | R66: ATE-NVM | S66: FMUPARM03 | T66: TE-NVM
D67: =E67+F67-1 -> 31 | E67: 0 | F67: 32 | J67: 161 | O67: 32'hFFFFE20D | R67: ATE-NVM | S67: FMUPARM10 smw_timer_option bit[7:0] smw_cdivl bit[12:8] smw_tvfy bit[31:13] unused_sto | T67: TE-NVM
D68: =E68+F68-1 -> 63 | E68: =D67+1 -> 32 | F68: 32 | J68: 161 | O68: 32'h8F0B7FFF | R68: ATE-NVM | S68: FMUPARM11 smw_setting_option0 | T68: TE-NVM
D69: =E69+F69-1 -> 95 | E69: =D68+1 -> 64 | F69: 32 | J69: 161 | O69: 32'hE0A80151 | R69: ATE-NVM | S69: FMUPARM12 smw_setting_option2 | T69: TE-NVM
D70: =E70+F70-1 -> 127 | E70: =D69+1 -> 96 | F70: 32 | J70: 161 | O70: 32'hFFFFBD00 | R70: ATE-NVM | S70: FMUPARM13 smw_setting_option3 | T70: TE-NVM
D71: =E71+F71-1 -> 31 | E71: 0 | F71: 32 | J71: 162 | O71: 32'h77777765 | R71: ATE-NVM | S71: FMUPARM20 | T71: TE-NVM
D72: =E72+F72-1 -> 63 | E72: =D71+1 -> 32 | F72: 32 | J72: 162 | O72: 32'hCCBA9876 | R72: ATE-NVM | S72: FMUPARM21 | T72: TE-NVM
D73: =E73+F73-1 -> 95 | E73: =D72+1 -> 64 | F73: 32 | J73: 162 | O73: 32'hF2958E2A | R73: ATE-NVM | S73: FMUPARM22 | T73: TE-NVM
D74: =E74+F74-1 -> 127 | E74: =D73+1 -> 96 | F74: 32 | J74: 162 | O74: 32'h77777777 | R74: ATE-NVM | S74: FMUPARM23 | T74: TE-NVM
D75: =E75+F75-1 -> 31 | E75: 0 | F75: 32 | J75: 163 | O75: 32'hCCCCCCCC | R75: ATE-NVM | S75: FMUPARM30 | T75: TE-NVM
D76: =E76+F76-1 -> 63 | E76: =D75+1 -> 32 | F76: 32 | J76: 163 | O76: 32'hFFFFFFFF | R76: ATE-NVM | S76: FMUPARM31 | T76: TE-NVM
D77: =E77+F77-1 -> 95 | E77: =D76+1 -> 64 | F77: 32 | J77: 163 | O77: 32'hFFFFFFFF | R77: ATE-NVM | S77: FMUPARM32 | T77: TE-NVM
D78: =E78+F78-1 -> 127 | E78: =D77+1 -> 96 | F78: 32 | J78: 163 | O78: 32'hFFFFFFFF | R78: ATE-NVM | S78: FMUPARM33 | T78: TE-NVM
D79: =E79+F79-1 -> 7 | E79: 0 | F79: 8 | J79: 164 | K79: B | L79: 4 | M79: MSIZE[MAXADDR0] | O79: 8'h20 | P79: P | R79: ATE-NVM | S79: MSF Maximum Address Block 0 (array0 size) | T79: TE-NVM | V79: =nirvana1_phantom_1P02G!E4 -> 8'h20 | W79: =nirvana1_phantom_1P02G!F4 -> 8'h20 | X79: =nirvana1_phantom_1P02G!G4 -> 8'h20 | Y79: =nirvana1_phantom_1P02G!I4 -> 8'h10 | Z79: =nirvana1_phantom_1P02G!J4 -> 8'h10 | AA79: =nirvana1_phantom_1P02G!K4 -> 8'h10 | AB79: =nirvana1_phantom_1P02G!M4 -> 8'h20 | AC79: =nirvana1_phantom_1P02G!N4 -> 8'h20 | AD79: =nirvana1_phantom_1P02G!O4 -> 8'h20 | AE79: =nirvana1_phantom_1P02G!Q4 -> 8'h10 | AF79: =nirvana1_phantom_1P02G!R4 -> 8'h10 | AG79: =nirvana1_phantom_1P02G!S4 -> 8'h10 | AH79: =nirvana1_phantom_1P02G!T4 -> 8'h10 | AI79: =nirvana1_phantom_1P02G!U4 -> 8'h20 | AJ79: =nirvana1_phantom_1P02G!V4 -> 8'h20 | AK79: =nirvana1_phantom_1P02G!X4 -> 8'h10 | AL79: =nirvana1_phantom_1P02G!Y4 -> 8'h10 | AM79: =nirvana1_phantom_1P02G!AA4 -> 8'h10 | AN79: =nirvana1_phantom_1P02G!AB4 -> 8'h20 | AO79: =nirvana1_phantom_1P02G!AC4 -> 8'h20 | AP79: =nirvana1_phantom_1P02G!AD4 -> 8'h20 | AQ79: =nirvana1_phantom_1P02G!AE4 -> 8'h20 | AR79: =nirvana1_phantom_1P02G!AG4 -> 8'h20 | AS79: =nirvana1_phantom_1P02G!AH4 -> 8'h20 | AT79: =nirvana1_phantom_1P02G!AI4 -> 8'h20 | AU79: =nirvana1_phantom_1P02G!AJ4 -> 8'h20 | AV79: =nirvana1_phantom_1P02G!AK4 -> 8'h10 | AW79: =nirvana1_phantom_1P02G!AL4 -> 8'h10 | AX79: =nirvana1_phantom_1P02G!AM4 -> 8'h10 | AY79: =nirvana1_phantom_1P02G!AN4 -> 8'h10 | ... BQ79: =nirvana1_phantom_1P02G!BF4 -> 0 | BR79: =nirvana1_phantom_1P02G!E20 -> 4'h5 | BS79: =nirvana1_phantom_1P02G!F20 -> 4'h5 | BT79: =nirvana1_phantom_1P02G!G20 -> 4'h5 | BU79: =nirvana1_phantom_1P02G!I20 -> 4'h5 | BV79: =nirvana1_phantom_1P02G!J20 -> 4'h5 | BW79: =nirvana1_phantom_1P02G!K20 -> 4'h5 | BX79: =nirvana1_phantom_1P02G!M20 -> 4'h5 | BY79: =nirvana1_phantom_1P02G!N20 -> 4'h5 | BZ79: =nirvana1_phantom_1P02G!O20 -> 4'h5 | CA79: =nirvana1_phantom_1P02G!Q20 -> 4'h5 | CB79: =nirvana1_phantom_1P02G!R20 -> 4'h5 | CC79: =nirvana1_phantom_1P02G!S20 -> 4'h5 | CD79: =nirvana1_phantom_1P02G!T20 -> 4'h5 | CE79: =nirvana1_phantom_1P02G!U20 -> 4'h5 | CF79: =nirvana1_phantom_1P02G!V20 -> 4'h5 | CG79: =nirvana1_phantom_1P02G!X20 -> 4'h5 | CH79: =nirvana1_phantom_1P02G!Y20 -> 4'h5 | CI79: =nirvana1_phantom_1P02G!AA20 -> 4'h0 | CJ79: =nirvana1_phantom_1P02G!AB20 -> 4'h5 | CK79: =nirvana1_phantom_1P02G!AC20 -> 4'h5 | CL79: =nirvana1_phantom_1P02G!AD20 -> 4'h5 | CM79: =nirvana1_phantom_1P02G!AE20 -> 4'h5 | CN79: =nirvana1_phantom_1P02G!AG20 -> 4'h5 | CO79: =nirvana1_phantom_1P02G!AH20 -> 4'h5 | CP79: =nirvana1_phantom_1P02G!AI20 -> 4'h5 | CQ79: =nirvana1_phantom_1P02G!AJ20 -> 4'h5 | CR79: =nirvana1_phantom_1P02G!AK20 -> 4'h5 | CS79: =nirvana1_phantom_1P02G!AL20 -> 4'h5 | CT79: =nirvana1_phantom_1P02G!AM20 -> 4'h5 | CU79: =nirvana1_phantom_1P02G!AN20 -> 4'h5 | ... DM79: =nirvana1_phantom_1P02G!BF20 -> 0
D80: =E80+F80-1 -> 15 | E80: =D79+1 -> 8 | F80: 8 | J80: 164 | M80: MSIZE[MAXADDR1] | O80: 8'h20 | R80: ATE-NVM | S80: MSF Maximum Address Block 1 (array1 size) | T80: TE-NVM | V80: =nirvana1_phantom_1P02G!E5 -> 8'h20 | W80: =nirvana1_phantom_1P02G!F5 -> 8'h20 | X80: =nirvana1_phantom_1P02G!G5 -> 8'h20 | Y80: =nirvana1_phantom_1P02G!I5 -> 8'h10 | Z80: =nirvana1_phantom_1P02G!J5 -> 8'h10 | AA80: =nirvana1_phantom_1P02G!K5 -> 8'h10 | AB80: =nirvana1_phantom_1P02G!M5 -> 8'h20 | AC80: =nirvana1_phantom_1P02G!N5 -> 8'h20 | AD80: =nirvana1_phantom_1P02G!O5 -> 8'h20 | AE80: =nirvana1_phantom_1P02G!Q5 -> 8'h10 | AF80: =nirvana1_phantom_1P02G!R5 -> 8'h10 | AG80: =nirvana1_phantom_1P02G!S5 -> 8'h10 | AH80: =nirvana1_phantom_1P02G!T5 -> 8'h10 | AI80: =nirvana1_phantom_1P02G!U5 -> 8'h20 | AJ80: =nirvana1_phantom_1P02G!V5 -> 8'h20 | AK80: =nirvana1_phantom_1P02G!X5 -> 8'h10 | AL80: =nirvana1_phantom_1P02G!Y5 -> 8'h10 | AM80: =nirvana1_phantom_1P02G!AA5 -> 8'h10 | AN80: =nirvana1_phantom_1P02G!AB5 -> 8'h20 | AO80: =nirvana1_phantom_1P02G!AC5 -> 8'h20 | AP80: =nirvana1_phantom_1P02G!AD5 -> 8'h20 | AQ80: =nirvana1_phantom_1P02G!AE5 -> 8'h20 | AR80: =nirvana1_phantom_1P02G!AG5 -> 8'h20 | AS80: =nirvana1_phantom_1P02G!AH5 -> 8'h20 | AT80: =nirvana1_phantom_1P02G!AI5 -> 8'h20 | AU80: =nirvana1_phantom_1P02G!AJ5 -> 8'h20 | AV80: =nirvana1_phantom_1P02G!AK5 -> 8'h10 | AW80: =nirvana1_phantom_1P02G!AL5 -> 8'h10 | AX80: =nirvana1_phantom_1P02G!AM5 -> 8'h10 | AY80: =nirvana1_phantom_1P02G!AN5 -> 8'h10 | ... BQ80: =nirvana1_phantom_1P02G!BF5 -> 0 | BR80: =nirvana1_phantom_1P02G!E21 -> 4'h5 | BS80: =nirvana1_phantom_1P02G!F21 -> 4'h5 | BT80: =nirvana1_phantom_1P02G!G21 -> 4'h5 | BU80: =nirvana1_phantom_1P02G!I21 -> 4'h5 | BV80: =nirvana1_phantom_1P02G!J21 -> 4'h5 | BW80: =nirvana1_phantom_1P02G!K21 -> 4'h5 | BX80: =nirvana1_phantom_1P02G!M21 -> 4'h5 | BY80: =nirvana1_phantom_1P02G!N21 -> 4'h5 | BZ80: =nirvana1_phantom_1P02G!O21 -> 4'h5 | CA80: =nirvana1_phantom_1P02G!Q21 -> 4'h5 | CB80: =nirvana1_phantom_1P02G!R21 -> 4'h5 | CC80: =nirvana1_phantom_1P02G!S21 -> 4'h5 | CD80: =nirvana1_phantom_1P02G!T21 -> 4'h5 | CE80: =nirvana1_phantom_1P02G!U21 -> 4'h5 | CF80: =nirvana1_phantom_1P02G!V21 -> 4'h5 | CG80: =nirvana1_phantom_1P02G!X21 -> 4'h5 | CH80: =nirvana1_phantom_1P02G!Y21 -> 4'h5 | CI80: =nirvana1_phantom_1P02G!AA21 -> 4'h5 | CJ80: =nirvana1_phantom_1P02G!AB21 -> 4'h5 | CK80: =nirvana1_phantom_1P02G!AC21 -> 4'h5 | CL80: =nirvana1_phantom_1P02G!AD21 -> 4'h5 | CM80: =nirvana1_phantom_1P02G!AE21 -> 4'h5 | CN80: =nirvana1_phantom_1P02G!AG21 -> 4'h5 | CO80: =nirvana1_phantom_1P02G!AH21 -> 4'h5 | CP80: =nirvana1_phantom_1P02G!AI21 -> 4'h5 | CQ80: =nirvana1_phantom_1P02G!AJ21 -> 4'h5 | CR80: =nirvana1_phantom_1P02G!AK21 -> 4'h5 | CS80: =nirvana1_phantom_1P02G!AL21 -> 4'h5 | CT80: =nirvana1_phantom_1P02G!AM21 -> 4'h5 | CU80: =nirvana1_phantom_1P02G!AN21 -> 4'h5 | ... DM80: =nirvana1_phantom_1P02G!BF21 -> 0
D81: =E81+F81-1 -> 31 | E81: =D80+1 -> 16 | F81: 16 | J81: 164 | O81: 16'hffff | R81: ATE-NVM | S81: FMUPARM40 | T81: TE-NVM
D82: =E82+F82-1 -> 63 | E82: =D81+1 -> 32 | F82: 32 | J82: 164 | O82: 32'hffffffff | R82: ATE-NVM | S82: FMUPARM41 | T82: TE-NVM
D83: =E83+F83-1 -> 95 | E83: =D82+1 -> 64 | F83: 32 | J83: 164 | O83: 32'hffffffff | R83: ATE-NVM | S83: FMUPARM42 | T83: TE-NVM
D84: =E84+F84-1 -> 127 | E84: =D83+1 -> 96 | F84: 32 | J84: 164 | O84: 32'hffffffff | R84: ATE-NVM | S84: FMUPARM43 | T84: TE-NVM
D85: =E85+F85-1 -> 0 | E85: 0 | F85: 1 | J85: 165 | K85: B | L85: 5 | M85: FTEST[TMECTL] | O85: 1'h0 | P85: M | R85: ATE-NVM | S85: MSF Test Mode Enable control | T85: TE-NVM
D86: =E86+F86-1 -> 31 | E86: =D85+1 -> 1 | F86: 31 | J86: 165 | O86: 31'h1fffffff | R86: ATE-NVM | S86: fmuparm50 | T86: TE-NVM
D87: =E87+F87-1 -> 63 | E87: =D86+1 -> 32 | F87: 32 | J87: 165 | O87: 32'hffffffff | R87: ATE-NVM | S87: fmuparm51 | T87: TE-NVM
D88: =E88+F88-1 -> 95 | E88: =D87+1 -> 64 | F88: 32 | J88: 165 | O88: 32'hffffffff | R88: ATE-NVM | S88: fmuparm52 | T88: TE-NVM
D89: =E89+F89-1 -> 127 | E89: =D88+1 -> 96 | F89: 32 | J89: 165 | O89: 32'hffffffff | R89: ATE-NVM | S89: fmuparm53 | T89: TE-NVM
D90: =E90+F90-1 -> 127 | E90: 0 | F90: 128 | J90: 166 | K90: B | L90: 6 | R90: ATE-NVM | S90: RESERVED for future MSF parameter expansion | T90: TE-NVM
R91: ATE-NVM | T91: TE-NVM
J92: 170 | K92: B | L92: 10 | R92: ATE-NVM | S92: RESERVED | T92: TE-NVM
D93: 31 | E93: 0 | F93: 32 | J93: 17E | K93: B | L93: 1E | O93: 32'hC0DEC0DE | P93: D | R93: ATE-NVM | S93: MSF C0DE_C0DE field at [31:0] to enable auto-load of SoC Trim registers | T93: 32'hC0DEC0DE | U93: 32'hC0DEC0DE
D94: 127 | E94: 32 | F94: 96 | J94: 17E | K94: B | L94: 1E | R94: ATE-NVM | S94: RESERVED
D95: 31 | E95: 0 | F95: 32 | J95: 17F | K95: B | L95: 1F | O95: 32'hC0DEC0DE | R95: ATE-NVM | S95: C0DE_C0DE field at [31:0] for controlling ECC decoder while fetching SoC trim settings | T95: 32'hC0DEC0DE | U95: 32'hC0DEC0DE
D96: 127 | E96: 32 | F96: 96 | J96: 17F | K96: B | L96: 1F
C98: msf_soctrim0 | D98: 0 | E98: 0 | F98: 1 | G98: top level glue logic | H98: N | I98: cmc0_soc_opt_disable | J98: 180 | K98: C | L98: 0 | O98: 1'h0 | P98: M | R98: ATE-IFR_load_en | S98: When set, disables loading of trim registers. Set to 0 to enable trim loading. Function may be similar with FINAL TEST NOT DONE. When there is ECC ERROR, will not load the trim values. | T98: 0
C99: msf_soctrim0 | D99: =E99+F99-1 -> 63 | E99: =D2+1 -> 1 | F99: 63 | I99: Reserved | J99: 180
B100: GPOx_0 | C100: msf_soctrim0 | D100: =E100+F100-1 -> 71 | E100: =D99+1 -> 64 | F100: 8 | H100: N | I100: NMPA_LC_STATE[7:0] | J100: 180 | N100: LC_STATE[7:0] | O100: 8'b11001111 | P100: NA | S100: Reserved for future derivative parts without OTP.
C101: msf_soctrim0 | D101: =E101+F101-1 -> 75 | E101: =D100+1 -> 72 | F101: 4 | G101: top level glue logic | I101: ROM_HIDE_XOM[3:0] | J101: 180 | N101: ROM_XOM_EN | O101: 4'b0000 | P101: P | R101: ATE-MasterDefault | S101: Field defines access attributes of ROM memory spaces when execution context reaches user code. Boot ROM is divided in to two portions critical ROM and rest of the ROM. 4b’0101: ROM hiding enabled but XOM is disabled. Both fields in fuse map (hw_efuse[135:132]) and in IFR1 (msf_soctrim0[75:72]) should be set to 4b'0101. 4b’1010: Both ROM hiding and XOM are disabled. Both fields in fuse map (hw_efuse[135:132]) and in IFR1 (msf_soctrim0[75:72]) should be set to 4b'1010. All other: Remaining combinations enable both critical ROM hiding and XOM features. This option is used if fields in fuse map and IFR1 don’t match. | T101: SYS-ARCH | U101: 4'b0000 | V101: =nirvana1_phantom_1P02G!E6 -> 4'h0 | W101: =nirvana1_phantom_1P02G!F6 -> 4'h0 | X101: =nirvana1_phantom_1P02G!G6 -> 4'h0 | Y101: =nirvana1_phantom_1P02G!I6 -> 4'h0 | Z101: =nirvana1_phantom_1P02G!J6 -> 4'h0 | AA101: =nirvana1_phantom_1P02G!K6 -> 4'h0 | AB101: =nirvana1_phantom_1P02G!M6 -> 4'h0 | AC101: =nirvana1_phantom_1P02G!N6 -> 4'h0 | AD101: =nirvana1_phantom_1P02G!O6 -> 4'h0 | AE101: =nirvana1_phantom_1P02G!Q6 -> 4'h0 | AF101: =nirvana1_phantom_1P02G!R6 -> 4'h0 | AG101: =nirvana1_phantom_1P02G!S6 -> 4'h0 | AH101: =nirvana1_phantom_1P02G!T6 -> 4'h0 | AI101: =nirvana1_phantom_1P02G!U6 -> 4'h0 | AJ101: =nirvana1_phantom_1P02G!V6 -> 4'h0 | AK101: =nirvana1_phantom_1P02G!X6 -> 4'h0 | AL101: =nirvana1_phantom_1P02G!Y6 -> 4'h0 | AM101: =nirvana1_phantom_1P02G!AA6 -> 4'h0 | AN101: =nirvana1_phantom_1P02G!AB6 -> 4'h0 | AO101: =nirvana1_phantom_1P02G!AC6 -> 4'h0 | AP101: =nirvana1_phantom_1P02G!AD6 -> 4'h0 | AQ101: =nirvana1_phantom_1P02G!AE6 -> 4'h0 | AR101: =nirvana1_phantom_1P02G!AG6 -> 4'h0 | AS101: =nirvana1_phantom_1P02G!AH6 -> 4'h0 | AT101: =nirvana1_phantom_1P02G!AI6 -> 4'h0 | AU101: =nirvana1_phantom_1P02G!AJ6 -> 4'h0 | AV101: =nirvana1_phantom_1P02G!AK6 -> 4'h0 | AW101: =nirvana1_phantom_1P02G!AL6 -> 4'h0 | AX101: =nirvana1_phantom_1P02G!AM6 -> 4'h0 | AY101: =nirvana1_phantom_1P02G!AN6 -> 4'h0 | ... BQ101: =nirvana1_phantom_1P02G!BF6 -> 0 | BR101: =nirvana1_phantom_1P02G!E22 -> 0 | BS101: =nirvana1_phantom_1P02G!F22 -> 0 | BT101: =nirvana1_phantom_1P02G!G22 -> 0 | BU101: =nirvana1_phantom_1P02G!I22 -> 0 | BV101: =nirvana1_phantom_1P02G!J22 -> 0 | BW101: =nirvana1_phantom_1P02G!K22 -> 0 | BX101: =nirvana1_phantom_1P02G!M22 -> 0 | BY101: =nirvana1_phantom_1P02G!N22 -> 0 | BZ101: =nirvana1_phantom_1P02G!O22 -> 0 | CA101: =nirvana1_phantom_1P02G!Q22 -> 0 | CB101: =nirvana1_phantom_1P02G!R22 -> 0 | CC101: =nirvana1_phantom_1P02G!S22 -> 0 | CD101: =nirvana1_phantom_1P02G!T22 -> 0 | CE101: =nirvana1_phantom_1P02G!U22 -> 0 | CF101: =nirvana1_phantom_1P02G!V22 -> 0 | CG101: =nirvana1_phantom_1P02G!X22 -> 0 | CH101: =nirvana1_phantom_1P02G!Y22 -> 0 | CI101: =nirvana1_phantom_1P02G!AA22 -> 0 | CJ101: =nirvana1_phantom_1P02G!AB22 -> 0 | CK101: =nirvana1_phantom_1P02G!AC22 -> 0 | CL101: =nirvana1_phantom_1P02G!AD22 -> 0 | CM101: =nirvana1_phantom_1P02G!AE22 -> 0 | CN101: =nirvana1_phantom_1P02G!AG22 -> 0 | CO101: =nirvana1_phantom_1P02G!AH22 -> 0 | CP101: =nirvana1_phantom_1P02G!AI22 -> 0 | CQ101: =nirvana1_phantom_1P02G!AJ22 -> 0 | CR101: =nirvana1_phantom_1P02G!AK22 -> 0 | CS101: =nirvana1_phantom_1P02G!AL22 -> 0 | CT101: =nirvana1_phantom_1P02G!AM22 -> 0 | CU101: =nirvana1_phantom_1P02G!AN22 -> 0 | ... DM101: =nirvana1_phantom_1P02G!BF22 -> 0
C102: msf_soctrim0 | D102: =E102+F102-1 -> 79 | E102: =D101+1 -> 76 | F102: 4 | G102: top level glue logic | I102: CM33_CFG_SEC_EXT[3:0] | J102: 180 | N102: CM33_SECURITY_ EXTENSION_DISABLE[3:0] | O102: 4'b0000 | P102: P | R102: ATE-MasterDefault | S102: CM33 security extensions enabled or disabled. 4b'1010: Non-secure phantom. Security extension of CM33 (CFG_SEC_EXT) is disabled only if both fields in fuse map (hw_efuse[131:128]) and in IFR1 (msf_soctrim0[79:76]) are set to 4b'1010. All other: In all other conditions CM33 security extension is enabled. This option is used if fields in fuse map and IFR1 don’t match. | T102: SYS-ARCH | U102: 4'b0000 | V102: =nirvana1_phantom_1P02G!E7 -> 4'h0 | W102: =nirvana1_phantom_1P02G!F7 -> 4'h0 | X102: =nirvana1_phantom_1P02G!G7 -> 4'h0 | Y102: =nirvana1_phantom_1P02G!I7 -> 4'h0 | Z102: =nirvana1_phantom_1P02G!J7 -> 4'h0 | AA102: =nirvana1_phantom_1P02G!K7 -> 4'h0 | AB102: =nirvana1_phantom_1P02G!M7 -> 4'h0 | AC102: =nirvana1_phantom_1P02G!N7 -> 4'h0 | AD102: =nirvana1_phantom_1P02G!O7 -> 4'h0 | AE102: =nirvana1_phantom_1P02G!Q7 -> 4'h0 | AF102: =nirvana1_phantom_1P02G!R7 -> 4'h0 | AG102: =nirvana1_phantom_1P02G!S7 -> 4'h0 | AH102: =nirvana1_phantom_1P02G!T7 -> 4'h0 | AI102: =nirvana1_phantom_1P02G!U7 -> 4'h0 | AJ102: =nirvana1_phantom_1P02G!V7 -> 4'h0 | AK102: =nirvana1_phantom_1P02G!X7 -> 4'h0 | AL102: =nirvana1_phantom_1P02G!Y7 -> 4'h0 | AM102: =nirvana1_phantom_1P02G!AA7 -> 4'h0 | AN102: =nirvana1_phantom_1P02G!AB7 -> 4'h0 | AO102: =nirvana1_phantom_1P02G!AC7 -> 4'h0 | AP102: =nirvana1_phantom_1P02G!AD7 -> 4'h0 | AQ102: =nirvana1_phantom_1P02G!AE7 -> 4'h0 | AR102: =nirvana1_phantom_1P02G!AG7 -> 4'h0 | AS102: =nirvana1_phantom_1P02G!AH7 -> 4'h0 | AT102: =nirvana1_phantom_1P02G!AI7 -> 4'h0 | AU102: =nirvana1_phantom_1P02G!AJ7 -> 4'h0 | AV102: =nirvana1_phantom_1P02G!AK7 -> 4'h0 | AW102: =nirvana1_phantom_1P02G!AL7 -> 4'h0 | AX102: =nirvana1_phantom_1P02G!AM7 -> 4'h0 | AY102: =nirvana1_phantom_1P02G!AN7 -> 4'h0 | ... BQ102: =nirvana1_phantom_1P02G!BF7 -> 0 | BR102: =nirvana1_phantom_1P02G!E24 -> Note: DEVICE_ID ROM_REV_MINOR should be same with the ROM patch version provided by ROM team. | BS102: =nirvana1_phantom_1P02G!F24 -> 0 | BT102: =nirvana1_phantom_1P02G!G24 -> 0 | BU102: =nirvana1_phantom_1P02G!I24 -> 0 | BV102: =nirvana1_phantom_1P02G!J24 -> 0 | BW102: =nirvana1_phantom_1P02G!K24 -> 0 | BX102: =nirvana1_phantom_1P02G!M24 -> 0 | BY102: =nirvana1_phantom_1P02G!N24 -> 0 | BZ102: =nirvana1_phantom_1P02G!O24 -> 0 | CA102: =nirvana1_phantom_1P02G!Q24 -> 0 | CB102: =nirvana1_phantom_1P02G!R24 -> 0 | CC102: =nirvana1_phantom_1P02G!S24 -> Note: DEVICE_ID ROM_REV_MINOR should be same with the ROM patch version provided by ROM team. | CD102: =nirvana1_phantom_1P02G!T24 -> 0 | CE102: =nirvana1_phantom_1P02G!U24 -> 0 | CF102: =nirvana1_phantom_1P02G!V24 -> 0 | CG102: =nirvana1_phantom_1P02G!X24 -> 0 | CH102: =nirvana1_phantom_1P02G!Y24 -> 0 | CI102: =nirvana1_phantom_1P02G!AA24 -> 0 | CJ102: =nirvana1_phantom_1P02G!AB24 -> 0 | CK102: =nirvana1_phantom_1P02G!AC24 -> 0 | CL102: =nirvana1_phantom_1P02G!AD24 -> 0 | CM102: =nirvana1_phantom_1P02G!AE24 -> Note: DEVICE_ID ROM_REV_MINOR should be same with the ROM patch version provided by ROM team. | CN102: =nirvana1_phantom_1P02G!AG24 -> 0 | CO102: =nirvana1_phantom_1P02G!AH24 -> 0 | CP102: =nirvana1_phantom_1P02G!AI24 -> 0 | CQ102: =nirvana1_phantom_1P02G!AJ24 -> 0 | CR102: =nirvana1_phantom_1P02G!AK24 -> 0 | CS102: =nirvana1_phantom_1P02G!AL24 -> 0 | CT102: =nirvana1_phantom_1P02G!AM24 -> 0 | CU102: =nirvana1_phantom_1P02G!AN24 -> 0 | ... DM102: =nirvana1_phantom_1P02G!BF24 -> 0
C103: msf_soctrim0 | D103: =E103+F103-1 -> 83 | E103: =D102+1 -> 80 | F103: 4 | G103: syscon | I103: DEVICE_ID.RAM_SIZE | J103: 180 | M103: DEVICE ID [3:0]: RAM_Size | O103: 4'b1011 | R103: ATE-Phantom | S103: Default RAM size is 512KB | T103: SYS-ARCH
C104: msf_soctrim0 | D104: =E104+F104-1 -> 87 | E104: =D103+1 -> 84 | F104: 4 | G104: syscon | I104: DEVICE_ID.FLASH_SIZE | J104: 180 | M104: DEVICE ID [7:4]: Flash_Size | O104: 4'b1000 | R104: ATE-Phantom | S104: Default Flash size is 2MB | T104: SYS-ARCH
...

Sheet nirvana1_ifr1_2P02G
B1: NMPA & NXP KEY AREA | C1: IFR Signal | D1: MSB | E1: LSB | F1: Width | G1: Instance | H1: Inverted | I1: Pin | J1: IFR1 Phrase Offset (hex) | K1: XADR | L1: YADR | M1: Register Field | N1: NMPA & NXP KEY AREA Field | O1: Default Trim Value | P1: Trim Source (M=Mask,P=Part,D=Die) | Q1: Production value | R1: Approved | S1: Description | T1: ES2/ Responsible | U1: A1 CES samples | V1: =nirvana1_phantom_1P02G!E3 -> MCXN947VDFT | W1: =nirvana1_phantom_1P02G!F3 -> MCXN947VPBT | X1: =nirvana1_phantom_1P02G!G3 -> MCXN947VKLT | Y1: =nirvana1_phantom_1P02G!I3 -> MCXN946VDFT | Z1: =nirvana1_phantom_1P02G!J3 -> MCXN946VPBT | AA1: =nirvana1_phantom_1P02G!K3 -> MCXN946VKLT | AB1: =nirvana1_phantom_1P02G!M3 -> MCXN547VDFT | AC1: =nirvana1_phantom_1P02G!N3 -> MCXN547VPBT | AD1: =nirvana1_phantom_1P02G!O3 -> MCXN547VKLT | AE1: =nirvana1_phantom_1P02G!Q3 -> MCXN546VDFT | AF1: =nirvana1_phantom_1P02G!R3 -> MCXN546VPBT | AG1: =nirvana1_phantom_1P02G!S3 -> MCXN546VKLT | AH1: =nirvana1_phantom_1P02G!T3 -> MCXN546VABR | AI1: =nirvana1_phantom_1P02G!U3 -> MCXN527VDFT | AJ1: =nirvana1_phantom_1P02G!V3 -> MCXN527VKLT | BR1: Non-Secure
V2: =nirvana1_phantom_1P02G!E3 -> MCXN947VDFT | W2: =nirvana1_phantom_1P02G!F3 -> MCXN947VPBT | X2: =nirvana1_phantom_1P02G!G3 -> MCXN947VKLT | Y2: =nirvana1_phantom_1P02G!I3 -> MCXN946VDFT | Z2: =nirvana1_phantom_1P02G!J3 -> MCXN946VPBT | AA2: =nirvana1_phantom_1P02G!K3 -> MCXN946VKLT | AB2: =nirvana1_phantom_1P02G!M3 -> MCXN547VDFT | AC2: =nirvana1_phantom_1P02G!N3 -> MCXN547VPBT | AD2: =nirvana1_phantom_1P02G!O3 -> MCXN547VKLT | AE2: =nirvana1_phantom_1P02G!Q3 -> MCXN546VDFT | AF2: =nirvana1_phantom_1P02G!R3 -> MCXN546VPBT | AG2: =nirvana1_phantom_1P02G!S3 -> MCXN546VKLT | AH2: =nirvana1_phantom_1P02G!T3 -> MCXN546VABR | AI2: =nirvana1_phantom_1P02G!U3 -> MCXN527VDFT | AJ2: =nirvana1_phantom_1P02G!V3 -> MCXN527VKLT | AK2: =nirvana1_phantom_1P02G!X3 -> MCXN526VDFT | AL2: =nirvana1_phantom_1P02G!Y3 -> MCXN526VKLT | AM2: =nirvana1_phantom_1P02G!AA3 -> MCXN556SCDFT | AN2: =nirvana1_phantom_1P02G!AB3 -> MCXN247VDFT | AO2: =nirvana1_phantom_1P02G!AC3 -> MCXN247VKLT | AP2: =nirvana1_phantom_1P02G!AD3 -> MCXN247VPBT | AQ2: =nirvana1_phantom_1P02G!AE3 -> MCXN247VABR | AR2: =nirvana1_phantom_1P02G!AG3 -> MCXN537VDFT | AS2: =nirvana1_phantom_1P02G!AH3 -> MCXN537VPBT | AT2: =nirvana1_phantom_1P02G!AI3 -> MCXN537VKLT | AU2: =nirvana1_phantom_1P02G!AJ3 -> MCXN537VABR | AV2: =nirvana1_phantom_1P02G!AK3 -> MCXN536VDFT | AW2: =nirvana1_phantom_1P02G!AL3 -> MCXN536VPBT | AX2: =nirvana1_phantom_1P02G!AM3 -> MCXN536VKLT | AY2: =nirvana1_phantom_1P02G!AN3 -> MCXN536VABR | ... BQ2: =nirvana1_phantom_1P02G!BF3 -> 0 | BR2: =nirvana1_phantom_1P02G!E19 -> 4'h8 | BS2: =nirvana1_phantom_1P02G!F19 -> 4'h8 | BT2: =nirvana1_phantom_1P02G!G19 -> 4'h8 | BU2: =nirvana1_phantom_1P02G!I19 -> 4'h6 | BV2: =nirvana1_phantom_1P02G!J19 -> 4'h6 | BW2: =nirvana1_phantom_1P02G!K19 -> 4'h6 | BX2: =nirvana1_phantom_1P02G!M19 -> 4'h8 | BY2: =nirvana1_phantom_1P02G!N19 -> 4'h8 | BZ2: =nirvana1_phantom_1P02G!O19 -> 4'h8 | CA2: =nirvana1_phantom_1P02G!Q19 -> 4'h6 | CB2: =nirvana1_phantom_1P02G!R19 -> 4'h6 | CC2: =nirvana1_phantom_1P02G!S19 -> 4'h6 | CD2: =nirvana1_phantom_1P02G!T19 -> 4'h6 | CE2: =nirvana1_phantom_1P02G!U19 -> 4'h8 | CF2: =nirvana1_phantom_1P02G!V19 -> 4'h8 | CG2: =nirvana1_phantom_1P02G!X19 -> 4'h6 | CH2: =nirvana1_phantom_1P02G!Y19 -> 4'h6 | CI2: =nirvana1_phantom_1P02G!AA19 -> 4'h6 | CJ2: =nirvana1_phantom_1P02G!AB19 -> 4'h8 | CK2: =nirvana1_phantom_1P02G!AC19 -> 4'h8 | CL2: =nirvana1_phantom_1P02G!AD19 -> 4'h8 | CM2: =nirvana1_phantom_1P02G!AE19 -> 4'h8 | CN2: =nirvana1_phantom_1P02G!AG19 -> 4'h8 | CO2: =nirvana1_phantom_1P02G!AH19 -> 4'h8 | CP2: =nirvana1_phantom_1P02G!AI19 -> 4'h8 | CQ2: =nirvana1_phantom_1P02G!AJ19 -> 4'h8 | CR2: =nirvana1_phantom_1P02G!AK19 -> 4'h6 | CS2: =nirvana1_phantom_1P02G!AL19 -> 4'h6 | CT2: =nirvana1_phantom_1P02G!AM19 -> 4'h6 | CU2: =nirvana1_phantom_1P02G!AN19 -> 4'h6 | ... DM2: =nirvana1_phantom_1P02G!BF19 -> 0
B3: Identity data | D3: 127 | E3: 0 | F3: 128 | G3: UUID | J3: 000 | K3: 0 | L3: 0 | N3: UUID[127:0] | R3: TP-FW | S3: UUID computed as per RFC4122 by test program using ECID. | T3: TE | U3: UUID pattern
D4: 127 | E4: 0 | F4: 128 | G4: ECID | J4: 001 | N4: ECID[127:0] | R4: ATE-Copy ECID | S4: Copy of ECID in open area. Upper portion of IFR1 with ROM patch is hidden during user execution. | T4: TE | U4: ECID
D5: 761 | E5: 0 | F5: 762 | G5: TRNG_CFG0 | J5: 002 | N5: S50_TRNG_CONFIG | Q5: Use A1 TRNG config column | R5: Pending | S5: HMAC signed configuration for TRNG present inside S50. 84 bytes. | T5: Validation, IP, STEC | U5: use A0 TRNG config, until new CZ data avilable
D6: 127 | E6: 0 | F6: 4 | G6: AGDET_CFG | J6: 008 | N6: AGDET_CONFIG | O6: 32'h0000000C | Q6: 32'h0000000C | R6: VA sensistive value which requires retest | S6: Analog glitch detector ripple count threshold. [3:2] Anti pole threshold count [1:0] Threshold Count | T6: Validation, VA | U6: 32'h00000009
E7: 4 | F7: 124 | J7: 008 | N7: Reserved | U7: ffffffff_ffffffff_ffffffff
D8: 127 | E8: 0 | F8: 128 | G8: GDET_CFG0 | J8: 009 | N8: GDET_CONFIG | Q8: Use A1 GDET config value | R8: GDET config tab updated | S8: Digital glitch detector 0 configuration. | T8: Validation | U8: Use A1 typical GDET config until matrix is available
D10: 127 | E10: 0 | F10: 128 | G10: GDET_CFG1 | J10: 00A | Q10: Use A1 GDET config value | S10: Digital glitch detector 1 configuration. | T10: Validation
D11: 63 | E11: 0 | F11: 64 | J11: 00B | N11: PUF_SRAM_CFG | O11: 64'h00000000 | Q11: 32'h00000000 | R11: ATE-PUF_config | S11: PUF SRAM controller initialization settings. | T11: Design - SRAM | U11: 32'h00000000
D12: 127 | E12: 64 | F12: 64 | J12: 00B | N12: Reserved
S13: RESERVED for - powerlib configuration - XTAL 32K CAP bank triming - or NXP provided library configuration data.
D14: 8191 | E14: 0 | F14: 8192 | J14: 020 | N14: PUF_ACTIV_CODE | R14: TP-FW | S14: PUF activation code 1000 bytes + 24 bytes header/padding | T14: LC_FAB | U14: Prov command
J15: 060 | N15: NXP_DEV_CERT | R15: TP-FW | S15: NXP device certificate. 1488 bytes | T15: LC_FAB | U15: Prov command
D17: =E17+F17-1 -> 127 | E17: 0 | F17: 128
D18: =E18+F18-1 -> 31 | E18: 0 | F18: 32 | J18: 0BD | N18: WT1_TEST_VERSION | R18: ATE-NVM | S18: Wafer test 1 information log | T18: TE
D19: =E19+F19-1 -> 63 | E19: =D18+1 -> 32 | F19: 32 | J19: 0BD | N19: WT1_TEST_DATE | R19: ATE-NVM | T19: TE
D20: =E20+F20-1 -> 95 | E20: =D19+1 -> 64 | F20: 32 | J20: 0BD | N20: WT1_TEST_TIME | R20: ATE-NVM | T20: TE
D21: =E21+F21-1 -> 127 | E21: =D20+1 -> 96 | F21: 32 | J21: 0BD | N21: WT1_TEST_INFO | R21: ATE-NVM | T21: TE
D22: =E22+F22-1 -> 31 | E22: 0 | F22: 32 | J22: 0BE | N22: WT2_TEST_VERSION | R22: ATE-NVM | S22: Wafer test 2 information log | T22: TE
D23: =E23+F23-1 -> 63 | E23: =D22+1 -> 32 | F23: 32 | J23: 0BE | N23: WT2_TEST_DATE | R23: ATE-NVM | T23: TE
D24: =E24+F24-1 -> 95 | E24: =D23+1 -> 64 | F24: 32 | J24: 0BE | N24: WT2_TEST_TIME | R24: ATE-NVM | T24: TE
D25: =E25+F25-1 -> 127 | E25: =D24+1 -> 96 | F25: 32 | J25: 0BE | N25: WT2_TEST_INFO | R25: ATE-NVM | T25: TE
D26: =E26+F26-1 -> 31 | E26: 0 | F26: 32 | J26: 0BF | N26: FINAL_TEST_VERSION | R26: ATE-NVM | S26: Final test information log | T26: TE
D27: =E27+F27-1 -> 63 | E27: =D26+1 -> 32 | F27: 32 | J27: 0BF | N27: FINAL_TEST_DATE | R27: ATE-NVM | T27: TE
D28: =E28+F28-1 -> 95 | E28: =D27+1 -> 64 | F28: 32 | J28: 0BF | N28: FINAL_TEST_TIME | R28: ATE-NVM | T28: TE
D29: =E29+F29-1 -> 127 | E29: =D28+1 -> 96 | F29: 32 | J29: 0BF | N29: FINAL_TEST_INFO | R29: ATE-NVM | T29: TE
B30: MSF Test for array 0 | J30: 0C0 | K30: 6 | L30: 0 | P30: P | R30: ATE-NVM | S30: Reserved
D31: 31 | E31: 0 | F31: 32 | J31: 0E0 | K31: 7 | L31: 0 | M31: arraytrim0_0 | O31: 32'h00000000 | P31: D | R31: ATE-NVM | S31: Array Trim - Block 0, Word 0 | T31: TE-NVM
D32: =E32+F32-1 -> 63 | E32: =D31+1 -> 32 | F32: 32 | M32: arraytrim0_1 | O32: 32'h00000000 | R32: ATE-NVM | S32: Array Trim - Block 0, Word 1 | T32: TE-NVM
D33: =E33+F33-1 -> 95 | E33: =D32+1 -> 64 | F33: 32 | M33: arraytrim0_2 | O33: 32'h00000000 | R33: ATE-NVM | S33: Array Trim - Block 0, Word 2 | T33: TE-NVM
D34: =E34+F34-1 -> 127 | E34: =D33+1 -> 96 | F34: 32 | M34: arraytrim0_3 | O34: 32'h00000000 | R34: ATE-NVM | S34: Array Trim - Block 0, Word 3 | T34: TE-NVM
D35: 31 | E35: 0 | F35: 32 | J35: 0E1 | K35: 7 | L35: 1 | M35: repair00_0 | O35: 32'h00000000 | P35: D | R35: ATE-NVM | S35: Repair0 - Block 0, Word 0 | T35: TE-NVM
D36: =E36+F36-1 -> 63 | E36: =D35+1 -> 32 | F36: 32 | M36: repair00_1 | O36: 32'h00000000 | R36: ATE-NVM | S36: Repair0 - Block 0, Word 1 | T36: TE-NVM
D37: =E37+F37-1 -> 95 | E37: =D36+1 -> 64 | F37: 32 | M37: repair00_2 | O37: 32'h00000000 | R37: ATE-NVM | S37: Repair0 - Block 0, Word 2 | T37: TE-NVM
D38: =E38+F38-1 -> 127 | E38: =D37+1 -> 96 | F38: 32 | M38: repair00_3 | O38: 32'h00000000 | R38: ATE-NVM | S38: Repair0 - Block 0, Word 3 | T38: TE-NVM
D39: 31 | E39: 0 | F39: 32 | J39: 0E2 | K39: 7 | L39: 2 | M39: repair01_0 | O39: 32'h00000000 | P39: D | R39: ATE-NVM | S39: Repair1 - Block 0, Word 0 | T39: TE-NVM
D40: =E40+F40-1 -> 63 | E40: =D39+1 -> 32 | F40: 32 | M40: repair01_1 | O40: 32'h00000000 | R40: ATE-NVM | S40: Repair1 - Block 0, Word 1 | T40: TE-NVM
D41: =E41+F41-1 -> 95 | E41: =D40+1 -> 64 | F41: 32 | M41: repair01_2 | O41: 32'h00000000 | R41: ATE-NVM | S41: Repair1 - Block 0, Word 2 | T41: TE-NVM
D42: =E42+F42-1 -> 127 | E42: =D41+1 -> 96 | F42: 32 | M42: repair01_3 | O42: 32'h00000000 | R42: ATE-NVM | S42: Repair1 - Block 0, Word 3 | T42: TE-NVM
D43: 127 | E43: 0 | F43: 128 | J43: 0E3 | K43: 7 | L43: 3 | P43: D | R43: ATE-NVM | S43: RESERVED as needed for TSMC block 0 or common data
F44: =(HEX2DEC(J45) - HEX2DEC(J43) - 1)*128 -> 3584 | S44: RESERVED
D45: =F45-1 -> 2047 | E45: 0 | F45: 2048 | J45: 100 | K45: 8 | L45: 0 | P45: D | R45: ATE-NVM | S45: Test Data Region. in K4, beginning of 0x1000 is used to store Lot ID, Wafer ID, and Die Co-ordinate. | T45: TE
D46: 2047 | E46: 0 | F46: 2048 | J46: 110 | K46: 8 | L46: 15 | P46: D | T46: TE
D47: 2047 | E47: 0 | F47: 2048 | J47: 120 | K47: 9 | L47: 0 | P47: D | T47: TE
D48: 2047 | E48: 0 | F48: 2048 | J48: 130 | K48: 9 | L48: 15 | P48: D | T48: TE
J49: 140 | K49: A | L49: 0 | S49: AVAILABLE | T49: TE
D51: 31 | E51: 0 | F51: 32 | J51: 160 | K51: B | L51: 0 | O51: 32'hC0DEC0DENA | P51: D | R51: ATE-NVM | S51: MSF C0DE_C0DE field to enable auto-load of FMU parameter registers | T51: TE-NVM
D52: =E52+F52-1 -> 35 | E52: =D51+1 -> 32 | F52: 4 | J52: 160 | M52: FCTRL[RWSC] | O52: 4'h1 | P52: P | R52: ATE-NVM | S52: MSF Read Wait-State Control for FMC reads | T52: TE-NVM
D53: =E53+F53-1 -> 63 | E53: =D52+1 -> 36 | F53: 28 | J53: 160 | O53: 28'hfffffff | R53: ATE-NVM | S53: FMUPARM01 | T53: TE-NVM
D54: =E54+F54-1 -> 65 | E54: =D53+1 -> 64 | F54: 2 | J54: 160 | O54: 2'h3 | R54: ATE-NVM | S54: FMUPARM02 | T54: TE-NVM
D55: =E55+F55-1 -> 66 | E55: =D54+1 -> 66 | F55: 1 | J55: 160 | M55: lsact_en | O55: 1'h0 | R55: ATE-NVM | T55: TE-NVM
D56: =E56+F56-1 -> 67 | E56: =D55+1 -> 67 | F56: 1 | J56: 160 | M56: MCTL[LSACTWREN] | O56: 1'h1 | P56: P | R56: ATE-NVM | S56: MSF LS Active Write Enable | T56: TE-NVM
D57: =E57+F57-1 -> 68 | E57: =D56+1 -> 68 | F57: 1 | J57: 160 | M57: MCTL[MASTER_REPAIR_EN] | O57: 1'h1 | P57: P | R57: ATE-NVM | S57: MSF Master Repair Enalbe | T57: TE-NVM
D58: =E58+F58-1 -> 69 | E58: =D57+1 -> 69 | F58: 1 | J58: 160 | M58: MCTL[RFCMDEN] | O58: 1'h1 | P58: P | R58: ATE-NVM | S58: MSF RF Command Enable | T58: TE-NVM
D59: =E59+F59-1 -> 70 | E59: =D58+1 -> 70 | F59: 1 | J59: 160 | M59: MCTL[CWSABTEN] | O59: 1'h1 | P59: P | R59: ATE-NVM | S59: MSF Command Write Sequence Abort Enable | T59: TE-NVM
D60: =E60+F60-1 -> 71 | E60: =D59+1 -> 71 | F60: 1 | J60: 160 | M60: MCTL[MRGRDDIS] | O60: 1'h1 | P60: P | R60: ATE-NVM | S60: MSF Margin Read Disable for read commands | T60: TE-NVM
D61: =E61+F61-1 -> 75 | E61: =D60+1 -> 72 | F61: 4 | J61: 160 | M61: MCTL[MRGRD0] | O61: 4'h8 | P61: P | R61: ATE-NVM | S61: MSF Margin Read-0 Setting for read commands | T61: TE-NVM
D62: =E62+F62-1 -> 79 | E62: =D61+1 -> 76 | F62: 4 | J62: 160 | M62: MCTL[MRGRD1] | O62: 4'h4 | P62: P | R62: ATE-NVM | S62: MSF Margin Read-1 Setting for read commands | T62: TE-NVM
D63: =E63+F63-1 -> 87 | E63: =D62+1 -> 80 | F63: 8 | J63: 160 | O63: 8'hff | R63: ATE-NVM | S63: FMUPARM02 | T63: TE-NVM
D64: =E64+F64-1 -> 88 | E64: =D63+1 -> 88 | F64: 1 | J64: 160 | M64: salv_dis | O64: 1'h0 | R64: ATE-NVM | S64: fmu_ifr1.salv_dis | T64: TE-NVM
D65: =E65+F65-1 -> 95 | E65: =D64+1 -> 89 | F65: 7 | J65: 160 | O65: 7'h7f | R65: ATE-NVM | S65: FMUPARM02 | T65: TE-NVM
D66: =E66+F66-1 -> 127 | E66: =D65+1 -> 96 | F66: 32 | J66: 160 | O66: 32'h7C78FF18 | R66: ATE-NVM | S66: FMUPARM03 | T66: TE-NVM
D67: =E67+F67-1 -> 31 | E67: 0 | F67: 32 | J67: 161 | O67: 32'hFFFFE20D | R67: ATE-NVM | S67: FMUPARM10 smw_timer_option bit[7:0] smw_cdivl bit[12:8] smw_tvfy bit[31:13] unused_sto | T67: TE-NVM
D68: =E68+F68-1 -> 63 | E68: =D67+1 -> 32 | F68: 32 | J68: 161 | O68: 32'h8F0B7FFF | R68: ATE-NVM | S68: FMUPARM11 smw_setting_option0 | T68: TE-NVM
D69: =E69+F69-1 -> 95 | E69: =D68+1 -> 64 | F69: 32 | J69: 161 | O69: 32'hE0A80151 | R69: ATE-NVM | S69: FMUPARM12 smw_setting_option2 | T69: TE-NVM
D70: =E70+F70-1 -> 127 | E70: =D69+1 -> 96 | F70: 32 | J70: 161 | O70: 32'hFFFFBD00 | R70: ATE-NVM | S70: FMUPARM13 smw_setting_option3 | T70: TE-NVM
D71: =E71+F71-1 -> 31 | E71: 0 | F71: 32 | J71: 162 | O71: 32'h77777765 | R71: ATE-NVM | S71: FMUPARM20 | T71: TE-NVM
D72: =E72+F72-1 -> 63 | E72: =D71+1 -> 32 | F72: 32 | J72: 162 | O72: 32'hCCBA9876 | R72: ATE-NVM | S72: FMUPARM21 | T72: TE-NVM
D73: =E73+F73-1 -> 95 | E73: =D72+1 -> 64 | F73: 32 | J73: 162 | O73: 32'hF2958E2A | R73: ATE-NVM | S73: FMUPARM22 | T73: TE-NVM
D74: =E74+F74-1 -> 127 | E74: =D73+1 -> 96 | F74: 32 | J74: 162 | O74: 32'h77777777 | R74: ATE-NVM | S74: FMUPARM23 | T74: TE-NVM
D75: =E75+F75-1 -> 31 | E75: 0 | F75: 32 | J75: 163 | O75: 32'hCCCCCCCC | R75: ATE-NVM | S75: FMUPARM30 | T75: TE-NVM
D76: =E76+F76-1 -> 63 | E76: =D75+1 -> 32 | F76: 32 | J76: 163 | O76: 32'hFFFFFFFF | R76: ATE-NVM | S76: FMUPARM31 | T76: TE-NVM
D77: =E77+F77-1 -> 95 | E77: =D76+1 -> 64 | F77: 32 | J77: 163 | O77: 32'hFFFFFFFF | R77: ATE-NVM | S77: FMUPARM32 | T77: TE-NVM
D78: =E78+F78-1 -> 127 | E78: =D77+1 -> 96 | F78: 32 | J78: 163 | O78: 32'hFFFFFFFF | R78: ATE-NVM | S78: FMUPARM33 | T78: TE-NVM
D79: =E79+F79-1 -> 7 | E79: 0 | F79: 8 | J79: 164 | K79: B | L79: 4 | M79: MSIZE[MAXADDR0] | O79: 8'h20 | P79: P | R79: ATE-NVM | S79: MSF Maximum Address Block 0 (array0 size) | T79: TE-NVM | V79: =nirvana1_phantom_1P02G!E4 -> 8'h20 | W79: =nirvana1_phantom_1P02G!F4 -> 8'h20 | X79: =nirvana1_phantom_1P02G!G4 -> 8'h20 | Y79: =nirvana1_phantom_1P02G!I4 -> 8'h10 | Z79: =nirvana1_phantom_1P02G!J4 -> 8'h10 | AA79: =nirvana1_phantom_1P02G!K4 -> 8'h10 | AB79: =nirvana1_phantom_1P02G!M4 -> 8'h20 | AC79: =nirvana1_phantom_1P02G!N4 -> 8'h20 | AD79: =nirvana1_phantom_1P02G!O4 -> 8'h20 | AE79: =nirvana1_phantom_1P02G!Q4 -> 8'h10 | AF79: =nirvana1_phantom_1P02G!R4 -> 8'h10 | AG79: =nirvana1_phantom_1P02G!S4 -> 8'h10 | AH79: =nirvana1_phantom_1P02G!T4 -> 8'h10 | AI79: =nirvana1_phantom_1P02G!U4 -> 8'h20 | AJ79: =nirvana1_phantom_1P02G!V4 -> 8'h20 | AK79: =nirvana1_phantom_1P02G!X4 -> 8'h10 | AL79: =nirvana1_phantom_1P02G!Y4 -> 8'h10 | AM79: =nirvana1_phantom_1P02G!AA4 -> 8'h10 | AN79: =nirvana1_phantom_1P02G!AB4 -> 8'h20 | AO79: =nirvana1_phantom_1P02G!AC4 -> 8'h20 | AP79: =nirvana1_phantom_1P02G!AD4 -> 8'h20 | AQ79: =nirvana1_phantom_1P02G!AE4 -> 8'h20 | AR79: =nirvana1_phantom_1P02G!AG4 -> 8'h20 | AS79: =nirvana1_phantom_1P02G!AH4 -> 8'h20 | AT79: =nirvana1_phantom_1P02G!AI4 -> 8'h20 | AU79: =nirvana1_phantom_1P02G!AJ4 -> 8'h20 | AV79: =nirvana1_phantom_1P02G!AK4 -> 8'h10 | AW79: =nirvana1_phantom_1P02G!AL4 -> 8'h10 | AX79: =nirvana1_phantom_1P02G!AM4 -> 8'h10 | AY79: =nirvana1_phantom_1P02G!AN4 -> 8'h10 | ... BQ79: =nirvana1_phantom_1P02G!BF4 -> 0 | BR79: =nirvana1_phantom_1P02G!E20 -> 4'h5 | BS79: =nirvana1_phantom_1P02G!F20 -> 4'h5 | BT79: =nirvana1_phantom_1P02G!G20 -> 4'h5 | BU79: =nirvana1_phantom_1P02G!I20 -> 4'h5 | BV79: =nirvana1_phantom_1P02G!J20 -> 4'h5 | BW79: =nirvana1_phantom_1P02G!K20 -> 4'h5 | BX79: =nirvana1_phantom_1P02G!M20 -> 4'h5 | BY79: =nirvana1_phantom_1P02G!N20 -> 4'h5 | BZ79: =nirvana1_phantom_1P02G!O20 -> 4'h5 | CA79: =nirvana1_phantom_1P02G!Q20 -> 4'h5 | CB79: =nirvana1_phantom_1P02G!R20 -> 4'h5 | CC79: =nirvana1_phantom_1P02G!S20 -> 4'h5 | CD79: =nirvana1_phantom_1P02G!T20 -> 4'h5 | CE79: =nirvana1_phantom_1P02G!U20 -> 4'h5 | CF79: =nirvana1_phantom_1P02G!V20 -> 4'h5 | CG79: =nirvana1_phantom_1P02G!X20 -> 4'h5 | CH79: =nirvana1_phantom_1P02G!Y20 -> 4'h5 | CI79: =nirvana1_phantom_1P02G!AA20 -> 4'h0 | CJ79: =nirvana1_phantom_1P02G!AB20 -> 4'h5 | CK79: =nirvana1_phantom_1P02G!AC20 -> 4'h5 | CL79: =nirvana1_phantom_1P02G!AD20 -> 4'h5 | CM79: =nirvana1_phantom_1P02G!AE20 -> 4'h5 | CN79: =nirvana1_phantom_1P02G!AG20 -> 4'h5 | CO79: =nirvana1_phantom_1P02G!AH20 -> 4'h5 | CP79: =nirvana1_phantom_1P02G!AI20 -> 4'h5 | CQ79: =nirvana1_phantom_1P02G!AJ20 -> 4'h5 | CR79: =nirvana1_phantom_1P02G!AK20 -> 4'h5 | CS79: =nirvana1_phantom_1P02G!AL20 -> 4'h5 | CT79: =nirvana1_phantom_1P02G!AM20 -> 4'h5 | CU79: =nirvana1_phantom_1P02G!AN20 -> 4'h5 | ... DM79: =nirvana1_phantom_1P02G!BF20 -> 0
D80: =E80+F80-1 -> 15 | E80: =D79+1 -> 8 | F80: 8 | J80: 164 | M80: MSIZE[MAXADDR1] | O80: 8'h20 | R80: ATE-NVM | S80: MSF Maximum Address Block 1 (array1 size) | T80: TE-NVM | V80: =nirvana1_phantom_1P02G!E5 -> 8'h20 | W80: =nirvana1_phantom_1P02G!F5 -> 8'h20 | X80: =nirvana1_phantom_1P02G!G5 -> 8'h20 | Y80: =nirvana1_phantom_1P02G!I5 -> 8'h10 | Z80: =nirvana1_phantom_1P02G!J5 -> 8'h10 | AA80: =nirvana1_phantom_1P02G!K5 -> 8'h10 | AB80: =nirvana1_phantom_1P02G!M5 -> 8'h20 | AC80: =nirvana1_phantom_1P02G!N5 -> 8'h20 | AD80: =nirvana1_phantom_1P02G!O5 -> 8'h20 | AE80: =nirvana1_phantom_1P02G!Q5 -> 8'h10 | AF80: =nirvana1_phantom_1P02G!R5 -> 8'h10 | AG80: =nirvana1_phantom_1P02G!S5 -> 8'h10 | AH80: =nirvana1_phantom_1P02G!T5 -> 8'h10 | AI80: =nirvana1_phantom_1P02G!U5 -> 8'h20 | AJ80: =nirvana1_phantom_1P02G!V5 -> 8'h20 | AK80: =nirvana1_phantom_1P02G!X5 -> 8'h10 | AL80: =nirvana1_phantom_1P02G!Y5 -> 8'h10 | AM80: =nirvana1_phantom_1P02G!AA5 -> 8'h10 | AN80: =nirvana1_phantom_1P02G!AB5 -> 8'h20 | AO80: =nirvana1_phantom_1P02G!AC5 -> 8'h20 | AP80: =nirvana1_phantom_1P02G!AD5 -> 8'h20 | AQ80: =nirvana1_phantom_1P02G!AE5 -> 8'h20 | AR80: =nirvana1_phantom_1P02G!AG5 -> 8'h20 | AS80: =nirvana1_phantom_1P02G!AH5 -> 8'h20 | AT80: =nirvana1_phantom_1P02G!AI5 -> 8'h20 | AU80: =nirvana1_phantom_1P02G!AJ5 -> 8'h20 | AV80: =nirvana1_phantom_1P02G!AK5 -> 8'h10 | AW80: =nirvana1_phantom_1P02G!AL5 -> 8'h10 | AX80: =nirvana1_phantom_1P02G!AM5 -> 8'h10 | AY80: =nirvana1_phantom_1P02G!AN5 -> 8'h10 | ... BQ80: =nirvana1_phantom_1P02G!BF5 -> 0 | BR80: =nirvana1_phantom_1P02G!E21 -> 4'h5 | BS80: =nirvana1_phantom_1P02G!F21 -> 4'h5 | BT80: =nirvana1_phantom_1P02G!G21 -> 4'h5 | BU80: =nirvana1_phantom_1P02G!I21 -> 4'h5 | BV80: =nirvana1_phantom_1P02G!J21 -> 4'h5 | BW80: =nirvana1_phantom_1P02G!K21 -> 4'h5 | BX80: =nirvana1_phantom_1P02G!M21 -> 4'h5 | BY80: =nirvana1_phantom_1P02G!N21 -> 4'h5 | BZ80: =nirvana1_phantom_1P02G!O21 -> 4'h5 | CA80: =nirvana1_phantom_1P02G!Q21 -> 4'h5 | CB80: =nirvana1_phantom_1P02G!R21 -> 4'h5 | CC80: =nirvana1_phantom_1P02G!S21 -> 4'h5 | CD80: =nirvana1_phantom_1P02G!T21 -> 4'h5 | CE80: =nirvana1_phantom_1P02G!U21 -> 4'h5 | CF80: =nirvana1_phantom_1P02G!V21 -> 4'h5 | CG80: =nirvana1_phantom_1P02G!X21 -> 4'h5 | CH80: =nirvana1_phantom_1P02G!Y21 -> 4'h5 | CI80: =nirvana1_phantom_1P02G!AA21 -> 4'h5 | CJ80: =nirvana1_phantom_1P02G!AB21 -> 4'h5 | CK80: =nirvana1_phantom_1P02G!AC21 -> 4'h5 | CL80: =nirvana1_phantom_1P02G!AD21 -> 4'h5 | CM80: =nirvana1_phantom_1P02G!AE21 -> 4'h5 | CN80: =nirvana1_phantom_1P02G!AG21 -> 4'h5 | CO80: =nirvana1_phantom_1P02G!AH21 -> 4'h5 | CP80: =nirvana1_phantom_1P02G!AI21 -> 4'h5 | CQ80: =nirvana1_phantom_1P02G!AJ21 -> 4'h5 | CR80: =nirvana1_phantom_1P02G!AK21 -> 4'h5 | CS80: =nirvana1_phantom_1P02G!AL21 -> 4'h5 | CT80: =nirvana1_phantom_1P02G!AM21 -> 4'h5 | CU80: =nirvana1_phantom_1P02G!AN21 -> 4'h5 | ... DM80: =nirvana1_phantom_1P02G!BF21 -> 0
D81: =E81+F81-1 -> 31 | E81: =D80+1 -> 16 | F81: 16 | J81: 164 | O81: 16'hffff | R81: ATE-NVM | S81: FMUPARM40 | T81: TE-NVM
D82: =E82+F82-1 -> 63 | E82: =D81+1 -> 32 | F82: 32 | J82: 164 | O82: 32'hffffffff | R82: ATE-NVM | S82: FMUPARM41 | T82: TE-NVM
D83: =E83+F83-1 -> 95 | E83: =D82+1 -> 64 | F83: 32 | J83: 164 | O83: 32'hffffffff | R83: ATE-NVM | S83: FMUPARM42 | T83: TE-NVM
D84: =E84+F84-1 -> 127 | E84: =D83+1 -> 96 | F84: 32 | J84: 164 | O84: 32'hffffffff | R84: ATE-NVM | S84: FMUPARM43 | T84: TE-NVM
D85: =E85+F85-1 -> 0 | E85: 0 | F85: 1 | J85: 165 | K85: B | L85: 5 | M85: FTEST[TMECTL] | O85: 1'h0 | P85: M | R85: ATE-NVM | S85: MSF Test Mode Enable control | T85: TE-NVM
D86: =E86+F86-1 -> 31 | E86: =D85+1 -> 1 | F86: 31 | J86: 165 | O86: 31'h1fffffff | R86: ATE-NVM | S86: fmuparm50 | T86: TE-NVM
D87: =E87+F87-1 -> 63 | E87: =D86+1 -> 32 | F87: 32 | J87: 165 | O87: 32'hffffffff | R87: ATE-NVM | S87: fmuparm51 | T87: TE-NVM
D88: =E88+F88-1 -> 95 | E88: =D87+1 -> 64 | F88: 32 | J88: 165 | O88: 32'hffffffff | R88: ATE-NVM | S88: fmuparm52 | T88: TE-NVM
D89: =E89+F89-1 -> 127 | E89: =D88+1 -> 96 | F89: 32 | J89: 165 | O89: 32'hffffffff | R89: ATE-NVM | S89: fmuparm53 | T89: TE-NVM
D90: =E90+F90-1 -> 127 | E90: 0 | F90: 128 | J90: 166 | K90: B | L90: 6 | R90: ATE-NVM | S90: RESERVED for future MSF parameter expansion | T90: TE-NVM
R91: ATE-NVM | T91: TE-NVM
J92: 170 | K92: B | L92: 10 | R92: ATE-NVM | S92: RESERVED | T92: TE-NVM
D93: 31 | E93: 0 | F93: 32 | J93: 17E | K93: B | L93: 1E | O93: 32'hC0DEC0DE | P93: D | R93: ATE-NVM | S93: MSF C0DE_C0DE field at [31:0] to enable auto-load of SoC Trim registers | T93: 32'hC0DEC0DE | U93: 32'hC0DEC0DE
D94: 127 | E94: 32 | F94: 96 | J94: 17E | K94: B | L94: 1E | R94: ATE-NVM | S94: RESERVED
D95: 31 | E95: 0 | F95: 32 | J95: 17F | K95: B | L95: 1F | O95: 32'hC0DEC0DE | R95: ATE-NVM | S95: C0DE_C0DE field at [31:0] for controlling ECC decoder while fetching SoC trim settings | T95: 32'hC0DEC0DE | U95: 32'hC0DEC0DE
D96: 127 | E96: 32 | F96: 96 | J96: 17F | K96: B | L96: 1F
C98: msf_soctrim0 | D98: 0 | E98: 0 | F98: 1 | G98: top level glue logic | H98: N | I98: cmc0_soc_opt_disable | J98: 180 | K98: C | L98: 0 | O98: 1'h0 | P98: M | R98: ATE-IFR_load_en | S98: When set, disables loading of trim registers. Set to 0 to enable trim loading. Function may be similar with FINAL TEST NOT DONE. When there is ECC ERROR, will not load the trim values. | T98: 0
C99: msf_soctrim0 | D99: =E99+F99-1 -> 63 | E99: =D2+1 -> 1 | F99: 63 | I99: Reserved | J99: 180
B100: GPOx_0 | C100: msf_soctrim0 | D100: =E100+F100-1 -> 71 | E100: =D99+1 -> 64 | F100: 8 | H100: N | I100: NMPA_LC_STATE[7:0] | J100: 180 | N100: LC_STATE[7:0] | O100: 8'b11001111 | P100: NA | S100: Reserved for future derivative parts without OTP.
C101: msf_soctrim0 | D101: =E101+F101-1 -> 75 | E101: =D100+1 -> 72 | F101: 4 | G101: top level glue logic | I101: ROM_HIDE_XOM[3:0] | J101: 180 | N101: ROM_XOM_EN | O101: 4'b0000 | P101: P | R101: ATE-MasterDefault | S101: Field defines access attributes of ROM memory spaces when execution context reaches user code. Boot ROM is divided in to two portions critical ROM and rest of the ROM. 4b’0101: ROM hiding enabled but XOM is disabled. Both fields in fuse map (hw_efuse[135:132]) and in IFR1 (msf_soctrim0[75:72]) should be set to 4b'0101. 4b’1010: Both ROM hiding and XOM are disabled. Both fields in fuse map (hw_efuse[135:132]) and in IFR1 (msf_soctrim0[75:72]) should be set to 4b'1010. All other: Remaining combinations enable both critical ROM hiding and XOM features. This option is used if fields in fuse map and IFR1 don’t match. | T101: SYS-ARCH | U101: 4'b0000 | V101: =nirvana1_phantom_1P02G!E6 -> 4'h0 | W101: =nirvana1_phantom_1P02G!F6 -> 4'h0 | X101: =nirvana1_phantom_1P02G!G6 -> 4'h0 | Y101: =nirvana1_phantom_1P02G!I6 -> 4'h0 | Z101: =nirvana1_phantom_1P02G!J6 -> 4'h0 | AA101: =nirvana1_phantom_1P02G!K6 -> 4'h0 | AB101: =nirvana1_phantom_1P02G!M6 -> 4'h0 | AC101: =nirvana1_phantom_1P02G!N6 -> 4'h0 | AD101: =nirvana1_phantom_1P02G!O6 -> 4'h0 | AE101: =nirvana1_phantom_1P02G!Q6 -> 4'h0 | AF101: =nirvana1_phantom_1P02G!R6 -> 4'h0 | AG101: =nirvana1_phantom_1P02G!S6 -> 4'h0 | AH101: =nirvana1_phantom_1P02G!T6 -> 4'h0 | AI101: =nirvana1_phantom_1P02G!U6 -> 4'h0 | AJ101: =nirvana1_phantom_1P02G!V6 -> 4'h0 | AK101: =nirvana1_phantom_1P02G!X6 -> 4'h0 | AL101: =nirvana1_phantom_1P02G!Y6 -> 4'h0 | AM101: =nirvana1_phantom_1P02G!AA6 -> 4'h0 | AN101: =nirvana1_phantom_1P02G!AB6 -> 4'h0 | AO101: =nirvana1_phantom_1P02G!AC6 -> 4'h0 | AP101: =nirvana1_phantom_1P02G!AD6 -> 4'h0 | AQ101: =nirvana1_phantom_1P02G!AE6 -> 4'h0 | AR101: =nirvana1_phantom_1P02G!AG6 -> 4'h0 | AS101: =nirvana1_phantom_1P02G!AH6 -> 4'h0 | AT101: =nirvana1_phantom_1P02G!AI6 -> 4'h0 | AU101: =nirvana1_phantom_1P02G!AJ6 -> 4'h0 | AV101: =nirvana1_phantom_1P02G!AK6 -> 4'h0 | AW101: =nirvana1_phantom_1P02G!AL6 -> 4'h0 | AX101: =nirvana1_phantom_1P02G!AM6 -> 4'h0 | AY101: =nirvana1_phantom_1P02G!AN6 -> 4'h0 | ... BQ101: =nirvana1_phantom_1P02G!BF6 -> 0 | BR101: =nirvana1_phantom_1P02G!E22 -> 0 | BS101: =nirvana1_phantom_1P02G!F22 -> 0 | BT101: =nirvana1_phantom_1P02G!G22 -> 0 | BU101: =nirvana1_phantom_1P02G!I22 -> 0 | BV101: =nirvana1_phantom_1P02G!J22 -> 0 | BW101: =nirvana1_phantom_1P02G!K22 -> 0 | BX101: =nirvana1_phantom_1P02G!M22 -> 0 | BY101: =nirvana1_phantom_1P02G!N22 -> 0 | BZ101: =nirvana1_phantom_1P02G!O22 -> 0 | CA101: =nirvana1_phantom_1P02G!Q22 -> 0 | CB101: =nirvana1_phantom_1P02G!R22 -> 0 | CC101: =nirvana1_phantom_1P02G!S22 -> 0 | CD101: =nirvana1_phantom_1P02G!T22 -> 0 | CE101: =nirvana1_phantom_1P02G!U22 -> 0 | CF101: =nirvana1_phantom_1P02G!V22 -> 0 | CG101: =nirvana1_phantom_1P02G!X22 -> 0 | CH101: =nirvana1_phantom_1P02G!Y22 -> 0 | CI101: =nirvana1_phantom_1P02G!AA22 -> 0 | CJ101: =nirvana1_phantom_1P02G!AB22 -> 0 | CK101: =nirvana1_phantom_1P02G!AC22 -> 0 | CL101: =nirvana1_phantom_1P02G!AD22 -> 0 | CM101: =nirvana1_phantom_1P02G!AE22 -> 0 | CN101: =nirvana1_phantom_1P02G!AG22 -> 0 | CO101: =nirvana1_phantom_1P02G!AH22 -> 0 | CP101: =nirvana1_phantom_1P02G!AI22 -> 0 | CQ101: =nirvana1_phantom_1P02G!AJ22 -> 0 | CR101: =nirvana1_phantom_1P02G!AK22 -> 0 | CS101: =nirvana1_phantom_1P02G!AL22 -> 0 | CT101: =nirvana1_phantom_1P02G!AM22 -> 0 | CU101: =nirvana1_phantom_1P02G!AN22 -> 0 | ... DM101: =nirvana1_phantom_1P02G!BF22 -> 0
C102: msf_soctrim0 | D102: =E102+F102-1 -> 79 | E102: =D101+1 -> 76 | F102: 4 | G102: top level glue logic | I102: CM33_CFG_SEC_EXT[3:0] | J102: 180 | N102: CM33_SECURITY_ EXTENSION_DISABLE[3:0] | O102: 4'b0000 | P102: P | R102: ATE-MasterDefault | S102: CM33 security extensions enabled or disabled. 4b'1010: Non-secure phantom. Security extension of CM33 (CFG_SEC_EXT) is disabled only if both fields in fuse map (hw_efuse[131:128]) and in IFR1 (msf_soctrim0[79:76]) are set to 4b'1010. All other: In all other conditions CM33 security extension is enabled. This option is used if fields in fuse map and IFR1 don’t match. | T102: SYS-ARCH | U102: 4'b0000 | V102: =nirvana1_phantom_1P02G!E7 -> 4'h0 | W102: =nirvana1_phantom_1P02G!F7 -> 4'h0 | X102: =nirvana1_phantom_1P02G!G7 -> 4'h0 | Y102: =nirvana1_phantom_1P02G!I7 -> 4'h0 | Z102: =nirvana1_phantom_1P02G!J7 -> 4'h0 | AA102: =nirvana1_phantom_1P02G!K7 -> 4'h0 | AB102: =nirvana1_phantom_1P02G!M7 -> 4'h0 | AC102: =nirvana1_phantom_1P02G!N7 -> 4'h0 | AD102: =nirvana1_phantom_1P02G!O7 -> 4'h0 | AE102: =nirvana1_phantom_1P02G!Q7 -> 4'h0 | AF102: =nirvana1_phantom_1P02G!R7 -> 4'h0 | AG102: =nirvana1_phantom_1P02G!S7 -> 4'h0 | AH102: =nirvana1_phantom_1P02G!T7 -> 4'h0 | AI102: =nirvana1_phantom_1P02G!U7 -> 4'h0 | AJ102: =nirvana1_phantom_1P02G!V7 -> 4'h0 | AK102: =nirvana1_phantom_1P02G!X7 -> 4'h0 | AL102: =nirvana1_phantom_1P02G!Y7 -> 4'h0 | AM102: =nirvana1_phantom_1P02G!AA7 -> 4'h0 | AN102: =nirvana1_phantom_1P02G!AB7 -> 4'h0 | AO102: =nirvana1_phantom_1P02G!AC7 -> 4'h0 | AP102: =nirvana1_phantom_1P02G!AD7 -> 4'h0 | AQ102: =nirvana1_phantom_1P02G!AE7 -> 4'h0 | AR102: =nirvana1_phantom_1P02G!AG7 -> 4'h0 | AS102: =nirvana1_phantom_1P02G!AH7 -> 4'h0 | AT102: =nirvana1_phantom_1P02G!AI7 -> 4'h0 | AU102: =nirvana1_phantom_1P02G!AJ7 -> 4'h0 | AV102: =nirvana1_phantom_1P02G!AK7 -> 4'h0 | AW102: =nirvana1_phantom_1P02G!AL7 -> 4'h0 | AX102: =nirvana1_phantom_1P02G!AM7 -> 4'h0 | AY102: =nirvana1_phantom_1P02G!AN7 -> 4'h0 | ... BQ102: =nirvana1_phantom_1P02G!BF7 -> 0 | BR102: =nirvana1_phantom_1P02G!E24 -> Note: DEVICE_ID ROM_REV_MINOR should be same with the ROM patch version provided by ROM team. | BS102: =nirvana1_phantom_1P02G!F24 -> 0 | BT102: =nirvana1_phantom_1P02G!G24 -> 0 | BU102: =nirvana1_phantom_1P02G!I24 -> 0 | BV102: =nirvana1_phantom_1P02G!J24 -> 0 | BW102: =nirvana1_phantom_1P02G!K24 -> 0 | BX102: =nirvana1_phantom_1P02G!M24 -> 0 | BY102: =nirvana1_phantom_1P02G!N24 -> 0 | BZ102: =nirvana1_phantom_1P02G!O24 -> 0 | CA102: =nirvana1_phantom_1P02G!Q24 -> 0 | CB102: =nirvana1_phantom_1P02G!R24 -> 0 | CC102: =nirvana1_phantom_1P02G!S24 -> Note: DEVICE_ID ROM_REV_MINOR should be same with the ROM patch version provided by ROM team. | CD102: =nirvana1_phantom_1P02G!T24 -> 0 | CE102: =nirvana1_phantom_1P02G!U24 -> 0 | CF102: =nirvana1_phantom_1P02G!V24 -> 0 | CG102: =nirvana1_phantom_1P02G!X24 -> 0 | CH102: =nirvana1_phantom_1P02G!Y24 -> 0 | CI102: =nirvana1_phantom_1P02G!AA24 -> 0 | CJ102: =nirvana1_phantom_1P02G!AB24 -> 0 | CK102: =nirvana1_phantom_1P02G!AC24 -> 0 | CL102: =nirvana1_phantom_1P02G!AD24 -> 0 | CM102: =nirvana1_phantom_1P02G!AE24 -> Note: DEVICE_ID ROM_REV_MINOR should be same with the ROM patch version provided by ROM team. | CN102: =nirvana1_phantom_1P02G!AG24 -> 0 | CO102: =nirvana1_phantom_1P02G!AH24 -> 0 | CP102: =nirvana1_phantom_1P02G!AI24 -> 0 | CQ102: =nirvana1_phantom_1P02G!AJ24 -> 0 | CR102: =nirvana1_phantom_1P02G!AK24 -> 0 | CS102: =nirvana1_phantom_1P02G!AL24 -> 0 | CT102: =nirvana1_phantom_1P02G!AM24 -> 0 | CU102: =nirvana1_phantom_1P02G!AN24 -> 0 | ... DM102: =nirvana1_phantom_1P02G!BF24 -> 0
C103: msf_soctrim0 | D103: =E103+F103-1 -> 83 | E103: =D102+1 -> 80 | F103: 4 | G103: syscon | I103: DEVICE_ID.RAM_SIZE | J103: 180 | M103: DEVICE ID [3:0]: RAM_Size | O103: 4'b1011 | R103: ATE-Phantom | S103: Default RAM size is 512KB | T103: SYS-ARCH
C104: msf_soctrim0 | D104: =E104+F104-1 -> 87 | E104: =D103+1 -> 84 | F104: 4 | G104: syscon | I104: DEVICE_ID.FLASH_SIZE | J104: 180 | M104: DEVICE ID [7:4]: Flash_Size | O104: 4'b1000 | R104: ATE-Phantom | S104: Default Flash size is 2MB | T104: SYS-ARCH
...

Sheet nirvana1_ifr1_3P02G 
B1: NMPA & NXP KEY AREA | C1: IFR Signal | D1: MSB | E1: LSB | F1: Width | G1: Instance | H1: Inverted | I1: Pin | J1: IFR1 Phrase Offset (hex) | K1: XADR | L1: YADR | M1: Register Field | N1: NMPA & NXP KEY AREA Field | O1: Default Trim Value | P1: Trim Source (M=Mask,P=Part,D=Die) | Q1: Production value | R1: Approved | S1: Description | T1: ES2/ Responsible | U1: A1 CES samples | V1: =nirvana1_phantom_1P02G!E3 -> MCXN947VDFT | W1: =nirvana1_phantom_1P02G!F3 -> MCXN947VPBT | X1: =nirvana1_phantom_1P02G!G3 -> MCXN947VKLT | Y1: =nirvana1_phantom_1P02G!I3 -> MCXN946VDFT | Z1: =nirvana1_phantom_1P02G!J3 -> MCXN946VPBT | AA1: =nirvana1_phantom_1P02G!K3 -> MCXN946VKLT | AB1: =nirvana1_phantom_1P02G!M3 -> MCXN547VDFT | AC1: =nirvana1_phantom_1P02G!N3 -> MCXN547VPBT | AD1: =nirvana1_phantom_1P02G!O3 -> MCXN547VKLT | AE1: =nirvana1_phantom_1P02G!Q3 -> MCXN546VDFT | AF1: =nirvana1_phantom_1P02G!R3 -> MCXN546VPBT | AG1: =nirvana1_phantom_1P02G!S3 -> MCXN546VKLT | AH1: =nirvana1_phantom_1P02G!T3 -> MCXN546VABR | AI1: =nirvana1_phantom_1P02G!U3 -> MCXN527VDFT | AJ1: =nirvana1_phantom_1P02G!V3 -> MCXN527VKLT | BR1: Non-Secure
V2: =nirvana1_phantom_1P02G!E3 -> MCXN947VDFT | W2: =nirvana1_phantom_1P02G!F3 -> MCXN947VPBT | X2: =nirvana1_phantom_1P02G!G3 -> MCXN947VKLT | Y2: =nirvana1_phantom_1P02G!I3 -> MCXN946VDFT | Z2: =nirvana1_phantom_1P02G!J3 -> MCXN946VPBT | AA2: =nirvana1_phantom_1P02G!K3 -> MCXN946VKLT | AB2: =nirvana1_phantom_1P02G!M3 -> MCXN547VDFT | AC2: =nirvana1_phantom_1P02G!N3 -> MCXN547VPBT | AD2: =nirvana1_phantom_1P02G!O3 -> MCXN547VKLT | AE2: =nirvana1_phantom_1P02G!Q3 -> MCXN546VDFT | AF2: =nirvana1_phantom_1P02G!R3 -> MCXN546VPBT | AG2: =nirvana1_phantom_1P02G!S3 -> MCXN546VKLT | AH2: =nirvana1_phantom_1P02G!T3 -> MCXN546VABR | AI2: =nirvana1_phantom_1P02G!U3 -> MCXN527VDFT | AJ2: =nirvana1_phantom_1P02G!V3 -> MCXN527VKLT | AK2: =nirvana1_phantom_1P02G!X3 -> MCXN526VDFT | AL2: =nirvana1_phantom_1P02G!Y3 -> MCXN526VKLT | AM2: =nirvana1_phantom_1P02G!AA3 -> MCXN556SCDFT | AN2: =nirvana1_phantom_1P02G!AB3 -> MCXN247VDFT | AO2: =nirvana1_phantom_1P02G!AC3 -> MCXN247VKLT | AP2: =nirvana1_phantom_1P02G!AD3 -> MCXN247VPBT | AQ2: =nirvana1_phantom_1P02G!AE3 -> MCXN247VABR | AR2: =nirvana1_phantom_1P02G!AG3 -> MCXN537VDFT | AS2: =nirvana1_phantom_1P02G!AH3 -> MCXN537VPBT | AT2: =nirvana1_phantom_1P02G!AI3 -> MCXN537VKLT | AU2: =nirvana1_phantom_1P02G!AJ3 -> MCXN537VABR | AV2: =nirvana1_phantom_1P02G!AK3 -> MCXN536VDFT | AW2: =nirvana1_phantom_1P02G!AL3 -> MCXN536VPBT | AX2: =nirvana1_phantom_1P02G!AM3 -> MCXN536VKLT | AY2: =nirvana1_phantom_1P02G!AN3 -> MCXN536VABR | ... BQ2: =nirvana1_phantom_1P02G!BF3 -> 0 | BR2: =nirvana1_phantom_1P02G!E19 -> 4'h8 | BS2: =nirvana1_phantom_1P02G!F19 -> 4'h8 | BT2: =nirvana1_phantom_1P02G!G19 -> 4'h8 | BU2: =nirvana1_phantom_1P02G!I19 -> 4'h6 | BV2: =nirvana1_phantom_1P02G!J19 -> 4'h6 | BW2: =nirvana1_phantom_1P02G!K19 -> 4'h6 | BX2: =nirvana1_phantom_1P02G!M19 -> 4'h8 | BY2: =nirvana1_phantom_1P02G!N19 -> 4'h8 | BZ2: =nirvana1_phantom_1P02G!O19 -> 4'h8 | CA2: =nirvana1_phantom_1P02G!Q19 -> 4'h6 | CB2: =nirvana1_phantom_1P02G!R19 -> 4'h6 | CC2: =nirvana1_phantom_1P02G!S19 -> 4'h6 | CD2: =nirvana1_phantom_1P02G!T19 -> 4'h6 | CE2: =nirvana1_phantom_1P02G!U19 -> 4'h8 | CF2: =nirvana1_phantom_1P02G!V19 -> 4'h8 | CG2: =nirvana1_phantom_1P02G!X19 -> 4'h6 | CH2: =nirvana1_phantom_1P02G!Y19 -> 4'h6 | CI2: =nirvana1_phantom_1P02G!AA19 -> 4'h6 | CJ2: =nirvana1_phantom_1P02G!AB19 -> 4'h8 | CK2: =nirvana1_phantom_1P02G!AC19 -> 4'h8 | CL2: =nirvana1_phantom_1P02G!AD19 -> 4'h8 | CM2: =nirvana1_phantom_1P02G!AE19 -> 4'h8 | CN2: =nirvana1_phantom_1P02G!AG19 -> 4'h8 | CO2: =nirvana1_phantom_1P02G!AH19 -> 4'h8 | CP2: =nirvana1_phantom_1P02G!AI19 -> 4'h8 | CQ2: =nirvana1_phantom_1P02G!AJ19 -> 4'h8 | CR2: =nirvana1_phantom_1P02G!AK19 -> 4'h6 | CS2: =nirvana1_phantom_1P02G!AL19 -> 4'h6 | CT2: =nirvana1_phantom_1P02G!AM19 -> 4'h6 | CU2: =nirvana1_phantom_1P02G!AN19 -> 4'h6 | ... DM2: =nirvana1_phantom_1P02G!BF19 -> 0
B3: Identity data | D3: 127 | E3: 0 | F3: 128 | G3: UUID | J3: 000 | K3: 0 | L3: 0 | N3: UUID[127:0] | R3: TP-FW | S3: UUID computed as per RFC4122 by test program using ECID. | T3: TE | U3: UUID pattern
D4: 127 | E4: 0 | F4: 128 | G4: ECID | J4: 001 | N4: ECID[127:0] | R4: ATE-Copy ECID | S4: Copy of ECID in open area. Upper portion of IFR1 with ROM patch is hidden during user execution. | T4: TE | U4: ECID
D5: 761 | E5: 0 | F5: 762 | G5: TRNG_CFG0 | J5: 002 | N5: S50_TRNG_CONFIG | Q5: Use A1 TRNG config column | R5: Pending | S5: HMAC signed configuration for TRNG present inside S50. 84 bytes. | T5: Validation, IP, STEC | U5: use A0 TRNG config, until new CZ data avilable
D6: 127 | E6: 0 | F6: 4 | G6: AGDET_CFG | J6: 008 | N6: AGDET_CONFIG | O6: 32'h0000000C | Q6: 32'h0000000C | R6: VA sensistive value which requires retest | S6: Analog glitch detector ripple count threshold. [3:2] Anti pole threshold count [1:0] Threshold Count | T6: Validation, VA | U6: 32'h00000009
E7: 4 | F7: 124 | J7: 008 | N7: Reserved | U7: ffffffff_ffffffff_ffffffff
D8: 127 | E8: 0 | F8: 128 | G8: GDET_CFG0 | J8: 009 | N8: GDET_CONFIG | Q8: Use A1 GDET config value | R8: GDET config tab updated | S8: Digital glitch detector 0 configuration. | T8: Validation | U8: Use A1 typical GDET config until matrix is available
D10: 127 | E10: 0 | F10: 128 | G10: GDET_CFG1 | J10: 00A | Q10: Use A1 GDET config value | S10: Digital glitch detector 1 configuration. | T10: Validation
D11: 63 | E11: 0 | F11: 64 | J11: 00B | N11: PUF_SRAM_CFG | O11: 64'h00000000 | Q11: 32'h00000000 | R11: ATE-PUF_config | S11: PUF SRAM controller initialization settings. | T11: Design - SRAM | U11: 32'h00000000
D12: 127 | E12: 64 | F12: 64 | J12: 00B | N12: Reserved
S13: RESERVED for - powerlib configuration - XTAL 32K CAP bank triming - or NXP provided library configuration data.
D14: 8191 | E14: 0 | F14: 8192 | J14: 020 | N14: PUF_ACTIV_CODE | R14: TP-FW | S14: PUF activation code 1000 bytes + 24 bytes header/padding | T14: LC_FAB | U14: Prov command
J15: 060 | N15: NXP_DEV_CERT | R15: TP-FW | S15: NXP device certificate. 1488 bytes | T15: LC_FAB | U15: Prov command
D17: =E17+F17-1 -> 127 | E17: 0 | F17: 128
D18: =E18+F18-1 -> 31 | E18: 0 | F18: 32 | J18: 0BD | N18: WT1_TEST_VERSION | R18: ATE-NVM | S18: Wafer test 1 information log | T18: TE
D19: =E19+F19-1 -> 63 | E19: =D18+1 -> 32 | F19: 32 | J19: 0BD | N19: WT1_TEST_DATE | R19: ATE-NVM | T19: TE
D20: =E20+F20-1 -> 95 | E20: =D19+1 -> 64 | F20: 32 | J20: 0BD | N20: WT1_TEST_TIME | R20: ATE-NVM | T20: TE
D21: =E21+F21-1 -> 127 | E21: =D20+1 -> 96 | F21: 32 | J21: 0BD | N21: WT1_TEST_INFO | R21: ATE-NVM | T21: TE
D22: =E22+F22-1 -> 31 | E22: 0 | F22: 32 | J22: 0BE | N22: WT2_TEST_VERSION | R22: ATE-NVM | S22: Wafer test 2 information log | T22: TE
D23: =E23+F23-1 -> 63 | E23: =D22+1 -> 32 | F23: 32 | J23: 0BE | N23: WT2_TEST_DATE | R23: ATE-NVM | T23: TE
D24: =E24+F24-1 -> 95 | E24: =D23+1 -> 64 | F24: 32 | J24: 0BE | N24: WT2_TEST_TIME | R24: ATE-NVM | T24: TE
D25: =E25+F25-1 -> 127 | E25: =D24+1 -> 96 | F25: 32 | J25: 0BE | N25: WT2_TEST_INFO | R25: ATE-NVM | T25: TE
D26: =E26+F26-1 -> 31 | E26: 0 | F26: 32 | J26: 0BF | N26: FINAL_TEST_VERSION | R26: ATE-NVM | S26: Final test information log | T26: TE
D27: =E27+F27-1 -> 63 | E27: =D26+1 -> 32 | F27: 32 | J27: 0BF | N27: FINAL_TEST_DATE | R27: ATE-NVM | T27: TE
D28: =E28+F28-1 -> 95 | E28: =D27+1 -> 64 | F28: 32 | J28: 0BF | N28: FINAL_TEST_TIME | R28: ATE-NVM | T28: TE
D29: =E29+F29-1 -> 127 | E29: =D28+1 -> 96 | F29: 32 | J29: 0BF | N29: FINAL_TEST_INFO | R29: ATE-NVM | T29: TE
B30: MSF Test for array 0 | J30: 0C0 | K30: 6 | L30: 0 | P30: P | R30: ATE-NVM | S30: Reserved
D31: 31 | E31: 0 | F31: 32 | J31: 0E0 | K31: 7 | L31: 0 | M31: arraytrim0_0 | O31: 32'h00000000 | P31: D | R31: ATE-NVM | S31: Array Trim - Block 0, Word 0 | T31: TE-NVM
D32: =E32+F32-1 -> 63 | E32: =D31+1 -> 32 | F32: 32 | M32: arraytrim0_1 | O32: 32'h00000000 | R32: ATE-NVM | S32: Array Trim - Block 0, Word 1 | T32: TE-NVM
D33: =E33+F33-1 -> 95 | E33: =D32+1 -> 64 | F33: 32 | M33: arraytrim0_2 | O33: 32'h00000000 | R33: ATE-NVM | S33: Array Trim - Block 0, Word 2 | T33: TE-NVM
D34: =E34+F34-1 -> 127 | E34: =D33+1 -> 96 | F34: 32 | M34: arraytrim0_3 | O34: 32'h00000000 | R34: ATE-NVM | S34: Array Trim - Block 0, Word 3 | T34: TE-NVM
D35: 31 | E35: 0 | F35: 32 | J35: 0E1 | K35: 7 | L35: 1 | M35: repair00_0 | O35: 32'h00000000 | P35: D | R35: ATE-NVM | S35: Repair0 - Block 0, Word 0 | T35: TE-NVM
D36: =E36+F36-1 -> 63 | E36: =D35+1 -> 32 | F36: 32 | M36: repair00_1 | O36: 32'h00000000 | R36: ATE-NVM | S36: Repair0 - Block 0, Word 1 | T36: TE-NVM
D37: =E37+F37-1 -> 95 | E37: =D36+1 -> 64 | F37: 32 | M37: repair00_2 | O37: 32'h00000000 | R37: ATE-NVM | S37: Repair0 - Block 0, Word 2 | T37: TE-NVM
D38: =E38+F38-1 -> 127 | E38: =D37+1 -> 96 | F38: 32 | M38: repair00_3 | O38: 32'h00000000 | R38: ATE-NVM | S38: Repair0 - Block 0, Word 3 | T38: TE-NVM
D39: 31 | E39: 0 | F39: 32 | J39: 0E2 | K39: 7 | L39: 2 | M39: repair01_0 | O39: 32'h00000000 | P39: D | R39: ATE-NVM | S39: Repair1 - Block 0, Word 0 | T39: TE-NVM
D40: =E40+F40-1 -> 63 | E40: =D39+1 -> 32 | F40: 32 | M40: repair01_1 | O40: 32'h00000000 | R40: ATE-NVM | S40: Repair1 - Block 0, Word 1 | T40: TE-NVM
D41: =E41+F41-1 -> 95 | E41: =D40+1 -> 64 | F41: 32 | M41: repair01_2 | O41: 32'h00000000 | R41: ATE-NVM | S41: Repair1 - Block 0, Word 2 | T41: TE-NVM
D42: =E42+F42-1 -> 127 | E42: =D41+1 -> 96 | F42: 32 | M42: repair01_3 | O42: 32'h00000000 | R42: ATE-NVM | S42: Repair1 - Block 0, Word 3 | T42: TE-NVM
D43: 127 | E43: 0 | F43: 128 | J43: 0E3 | K43: 7 | L43: 3 | P43: D | R43: ATE-NVM | S43: RESERVED as needed for TSMC block 0 or common data
F44: =(HEX2DEC(J45) - HEX2DEC(J43) - 1)*128 -> 3584 | S44: RESERVED
D45: =F45-1 -> 2047 | E45: 0 | F45: 2048 | J45: 100 | K45: 8 | L45: 0 | P45: D | R45: ATE-NVM | S45: Test Data Region. in K4, beginning of 0x1000 is used to store Lot ID, Wafer ID, and Die Co-ordinate. | T45: TE
D46: 2047 | E46: 0 | F46: 2048 | J46: 110 | K46: 8 | L46: 15 | P46: D | T46: TE
D47: 2047 | E47: 0 | F47: 2048 | J47: 120 | K47: 9 | L47: 0 | P47: D | T47: TE
D48: 2047 | E48: 0 | F48: 2048 | J48: 130 | K48: 9 | L48: 15 | P48: D | T48: TE
J49: 140 | K49: A | L49: 0 | S49: AVAILABLE | T49: TE
D51: 31 | E51: 0 | F51: 32 | J51: 160 | K51: B | L51: 0 | O51: 32'hC0DEC0DENA | P51: D | R51: ATE-NVM | S51: MSF C0DE_C0DE field to enable auto-load of FMU parameter registers | T51: TE-NVM
D52: =E52+F52-1 -> 35 | E52: =D51+1 -> 32 | F52: 4 | J52: 160 | M52: FCTRL[RWSC] | O52: 4'h1 | P52: P | R52: ATE-NVM | S52: MSF Read Wait-State Control for FMC reads | T52: TE-NVM
D53: =E53+F53-1 -> 63 | E53: =D52+1 -> 36 | F53: 28 | J53: 160 | O53: 28'hfffffff | R53: ATE-NVM | S53: FMUPARM01 | T53: TE-NVM
D54: =E54+F54-1 -> 65 | E54: =D53+1 -> 64 | F54: 2 | J54: 160 | O54: 2'h3 | R54: ATE-NVM | S54: FMUPARM02 | T54: TE-NVM
D55: =E55+F55-1 -> 66 | E55: =D54+1 -> 66 | F55: 1 | J55: 160 | M55: lsact_en | O55: 1'h0 | R55: ATE-NVM | T55: TE-NVM
D56: =E56+F56-1 -> 67 | E56: =D55+1 -> 67 | F56: 1 | J56: 160 | M56: MCTL[LSACTWREN] | O56: 1'h1 | P56: P | R56: ATE-NVM | S56: MSF LS Active Write Enable | T56: TE-NVM
D57: =E57+F57-1 -> 68 | E57: =D56+1 -> 68 | F57: 1 | J57: 160 | M57: MCTL[MASTER_REPAIR_EN] | O57: 1'h1 | P57: P | R57: ATE-NVM | S57: MSF Master Repair Enalbe | T57: TE-NVM
D58: =E58+F58-1 -> 69 | E58: =D57+1 -> 69 | F58: 1 | J58: 160 | M58: MCTL[RFCMDEN] | O58: 1'h1 | P58: P | R58: ATE-NVM | S58: MSF RF Command Enable | T58: TE-NVM
D59: =E59+F59-1 -> 70 | E59: =D58+1 -> 70 | F59: 1 | J59: 160 | M59: MCTL[CWSABTEN] | O59: 1'h1 | P59: P | R59: ATE-NVM | S59: MSF Command Write Sequence Abort Enable | T59: TE-NVM
D60: =E60+F60-1 -> 71 | E60: =D59+1 -> 71 | F60: 1 | J60: 160 | M60: MCTL[MRGRDDIS] | O60: 1'h1 | P60: P | R60: ATE-NVM | S60: MSF Margin Read Disable for read commands | T60: TE-NVM
D61: =E61+F61-1 -> 75 | E61: =D60+1 -> 72 | F61: 4 | J61: 160 | M61: MCTL[MRGRD0] | O61: 4'h8 | P61: P | R61: ATE-NVM | S61: MSF Margin Read-0 Setting for read commands | T61: TE-NVM
D62: =E62+F62-1 -> 79 | E62: =D61+1 -> 76 | F62: 4 | J62: 160 | M62: MCTL[MRGRD1] | O62: 4'h4 | P62: P | R62: ATE-NVM | S62: MSF Margin Read-1 Setting for read commands | T62: TE-NVM
D63: =E63+F63-1 -> 87 | E63: =D62+1 -> 80 | F63: 8 | J63: 160 | O63: 8'hff | R63: ATE-NVM | S63: FMUPARM02 | T63: TE-NVM
D64: =E64+F64-1 -> 88 | E64: =D63+1 -> 88 | F64: 1 | J64: 160 | M64: salv_dis | O64: 1'h0 | R64: ATE-NVM | S64: fmu_ifr1.salv_dis | T64: TE-NVM
D65: =E65+F65-1 -> 95 | E65: =D64+1 -> 89 | F65: 7 | J65: 160 | O65: 7'h7f | R65: ATE-NVM | S65: FMUPARM02 | T65: TE-NVM
D66: =E66+F66-1 -> 127 | E66: =D65+1 -> 96 | F66: 32 | J66: 160 | O66: 32'h7C78FF18 | R66: ATE-NVM | S66: FMUPARM03 | T66: TE-NVM
D67: =E67+F67-1 -> 31 | E67: 0 | F67: 32 | J67: 161 | O67: 32'hFFFFE20D | R67: ATE-NVM | S67: FMUPARM10 smw_timer_option bit[7:0] smw_cdivl bit[12:8] smw_tvfy bit[31:13] unused_sto | T67: TE-NVM
D68: =E68+F68-1 -> 63 | E68: =D67+1 -> 32 | F68: 32 | J68: 161 | O68: 32'h8F0B7FFF | R68: ATE-NVM | S68: FMUPARM11 smw_setting_option0 | T68: TE-NVM
D69: =E69+F69-1 -> 95 | E69: =D68+1 -> 64 | F69: 32 | J69: 161 | O69: 32'hE0A80151 | R69: ATE-NVM | S69: FMUPARM12 smw_setting_option2 | T69: TE-NVM
D70: =E70+F70-1 -> 127 | E70: =D69+1 -> 96 | F70: 32 | J70: 161 | O70: 32'hFFFFBD00 | R70: ATE-NVM | S70: FMUPARM13 smw_setting_option3 | T70: TE-NVM
D71: =E71+F71-1 -> 31 | E71: 0 | F71: 32 | J71: 162 | O71: 32'h77777765 | R71: ATE-NVM | S71: FMUPARM20 | T71: TE-NVM
D72: =E72+F72-1 -> 63 | E72: =D71+1 -> 32 | F72: 32 | J72: 162 | O72: 32'hCCBA9876 | R72: ATE-NVM | S72: FMUPARM21 | T72: TE-NVM
D73: =E73+F73-1 -> 95 | E73: =D72+1 -> 64 | F73: 32 | J73: 162 | O73: 32'hF2958E2A | R73: ATE-NVM | S73: FMUPARM22 | T73: TE-NVM
D74: =E74+F74-1 -> 127 | E74: =D73+1 -> 96 | F74: 32 | J74: 162 | O74: 32'h77777777 | R74: ATE-NVM | S74: FMUPARM23 | T74: TE-NVM
D75: =E75+F75-1 -> 31 | E75: 0 | F75: 32 | J75: 163 | O75: 32'hCCCCCCCC | R75: ATE-NVM | S75: FMUPARM30 | T75: TE-NVM
D76: =E76+F76-1 -> 63 | E76: =D75+1 -> 32 | F76: 32 | J76: 163 | O76: 32'hFFFFFFFF | R76: ATE-NVM | S76: FMUPARM31 | T76: TE-NVM
D77: =E77+F77-1 -> 95 | E77: =D76+1 -> 64 | F77: 32 | J77: 163 | O77: 32'hFFFFFFFF | R77: ATE-NVM | S77: FMUPARM32 | T77: TE-NVM
D78: =E78+F78-1 -> 127 | E78: =D77+1 -> 96 | F78: 32 | J78: 163 | O78: 32'hFFFFFFFF | R78: ATE-NVM | S78: FMUPARM33 | T78: TE-NVM
D79: =E79+F79-1 -> 7 | E79: 0 | F79: 8 | J79: 164 | K79: B | L79: 4 | M79: MSIZE[MAXADDR0] | O79: 8'h20 | P79: P | R79: ATE-NVM | S79: MSF Maximum Address Block 0 (array0 size) | T79: TE-NVM | V79: =nirvana1_phantom_1P02G!E4 -> 8'h20 | W79: =nirvana1_phantom_1P02G!F4 -> 8'h20 | X79: =nirvana1_phantom_1P02G!G4 -> 8'h20 | Y79: =nirvana1_phantom_1P02G!I4 -> 8'h10 | Z79: =nirvana1_phantom_1P02G!J4 -> 8'h10 | AA79: =nirvana1_phantom_1P02G!K4 -> 8'h10 | AB79: =nirvana1_phantom_1P02G!M4 -> 8'h20 | AC79: =nirvana1_phantom_1P02G!N4 -> 8'h20 | AD79: =nirvana1_phantom_1P02G!O4 -> 8'h20 | AE79: =nirvana1_phantom_1P02G!Q4 -> 8'h10 | AF79: =nirvana1_phantom_1P02G!R4 -> 8'h10 | AG79: =nirvana1_phantom_1P02G!S4 -> 8'h10 | AH79: =nirvana1_phantom_1P02G!T4 -> 8'h10 | AI79: =nirvana1_phantom_1P02G!U4 -> 8'h20 | AJ79: =nirvana1_phantom_1P02G!V4 -> 8'h20 | AK79: =nirvana1_phantom_1P02G!X4 -> 8'h10 | AL79: =nirvana1_phantom_1P02G!Y4 -> 8'h10 | AM79: =nirvana1_phantom_1P02G!AA4 -> 8'h10 | AN79: =nirvana1_phantom_1P02G!AB4 -> 8'h20 | AO79: =nirvana1_phantom_1P02G!AC4 -> 8'h20 | AP79: =nirvana1_phantom_1P02G!AD4 -> 8'h20 | AQ79: =nirvana1_phantom_1P02G!AE4 -> 8'h20 | AR79: =nirvana1_phantom_1P02G!AG4 -> 8'h20 | AS79: =nirvana1_phantom_1P02G!AH4 -> 8'h20 | AT79: =nirvana1_phantom_1P02G!AI4 -> 8'h20 | AU79: =nirvana1_phantom_1P02G!AJ4 -> 8'h20 | AV79: =nirvana1_phantom_1P02G!AK4 -> 8'h10 | AW79: =nirvana1_phantom_1P02G!AL4 -> 8'h10 | AX79: =nirvana1_phantom_1P02G!AM4 -> 8'h10 | AY79: =nirvana1_phantom_1P02G!AN4 -> 8'h10 | ... BQ79: =nirvana1_phantom_1P02G!BF4 -> 0 | BR79: =nirvana1_phantom_1P02G!E20 -> 4'h5 | BS79: =nirvana1_phantom_1P02G!F20 -> 4'h5 | BT79: =nirvana1_phantom_1P02G!G20 -> 4'h5 | BU79: =nirvana1_phantom_1P02G!I20 -> 4'h5 | BV79: =nirvana1_phantom_1P02G!J20 -> 4'h5 | BW79: =nirvana1_phantom_1P02G!K20 -> 4'h5 | BX79: =nirvana1_phantom_1P02G!M20 -> 4'h5 | BY79: =nirvana1_phantom_1P02G!N20 -> 4'h5 | BZ79: =nirvana1_phantom_1P02G!O20 -> 4'h5 | CA79: =nirvana1_phantom_1P02G!Q20 -> 4'h5 | CB79: =nirvana1_phantom_1P02G!R20 -> 4'h5 | CC79: =nirvana1_phantom_1P02G!S20 -> 4'h5 | CD79: =nirvana1_phantom_1P02G!T20 -> 4'h5 | CE79: =nirvana1_phantom_1P02G!U20 -> 4'h5 | CF79: =nirvana1_phantom_1P02G!V20 -> 4'h5 | CG79: =nirvana1_phantom_1P02G!X20 -> 4'h5 | CH79: =nirvana1_phantom_1P02G!Y20 -> 4'h5 | CI79: =nirvana1_phantom_1P02G!AA20 -> 4'h0 | CJ79: =nirvana1_phantom_1P02G!AB20 -> 4'h5 | CK79: =nirvana1_phantom_1P02G!AC20 -> 4'h5 | CL79: =nirvana1_phantom_1P02G!AD20 -> 4'h5 | CM79: =nirvana1_phantom_1P02G!AE20 -> 4'h5 | CN79: =nirvana1_phantom_1P02G!AG20 -> 4'h5 | CO79: =nirvana1_phantom_1P02G!AH20 -> 4'h5 | CP79: =nirvana1_phantom_1P02G!AI20 -> 4'h5 | CQ79: =nirvana1_phantom_1P02G!AJ20 -> 4'h5 | CR79: =nirvana1_phantom_1P02G!AK20 -> 4'h5 | CS79: =nirvana1_phantom_1P02G!AL20 -> 4'h5 | CT79: =nirvana1_phantom_1P02G!AM20 -> 4'h5 | CU79: =nirvana1_phantom_1P02G!AN20 -> 4'h5 | ... DM79: =nirvana1_phantom_1P02G!BF20 -> 0
D80: =E80+F80-1 -> 15 | E80: =D79+1 -> 8 | F80: 8 | J80: 164 | M80: MSIZE[MAXADDR1] | O80: 8'h20 | R80: ATE-NVM | S80: MSF Maximum Address Block 1 (array1 size) | T80: TE-NVM | V80: =nirvana1_phantom_1P02G!E5 -> 8'h20 | W80: =nirvana1_phantom_1P02G!F5 -> 8'h20 | X80: =nirvana1_phantom_1P02G!G5 -> 8'h20 | Y80: =nirvana1_phantom_1P02G!I5 -> 8'h10 | Z80: =nirvana1_phantom_1P02G!J5 -> 8'h10 | AA80: =nirvana1_phantom_1P02G!K5 -> 8'h10 | AB80: =nirvana1_phantom_1P02G!M5 -> 8'h20 | AC80: =nirvana1_phantom_1P02G!N5 -> 8'h20 | AD80: =nirvana1_phantom_1P02G!O5 -> 8'h20 | AE80: =nirvana1_phantom_1P02G!Q5 -> 8'h10 | AF80: =nirvana1_phantom_1P02G!R5 -> 8'h10 | AG80: =nirvana1_phantom_1P02G!S5 -> 8'h10 | AH80: =nirvana1_phantom_1P02G!T5 -> 8'h10 | AI80: =nirvana1_phantom_1P02G!U5 -> 8'h20 | AJ80: =nirvana1_phantom_1P02G!V5 -> 8'h20 | AK80: =nirvana1_phantom_1P02G!X5 -> 8'h10 | AL80: =nirvana1_phantom_1P02G!Y5 -> 8'h10 | AM80: =nirvana1_phantom_1P02G!AA5 -> 8'h10 | AN80: =nirvana1_phantom_1P02G!AB5 -> 8'h20 | AO80: =nirvana1_phantom_1P02G!AC5 -> 8'h20 | AP80: =nirvana1_phantom_1P02G!AD5 -> 8'h20 | AQ80: =nirvana1_phantom_1P02G!AE5 -> 8'h20 | AR80: =nirvana1_phantom_1P02G!AG5 -> 8'h20 | AS80: =nirvana1_phantom_1P02G!AH5 -> 8'h20 | AT80: =nirvana1_phantom_1P02G!AI5 -> 8'h20 | AU80: =nirvana1_phantom_1P02G!AJ5 -> 8'h20 | AV80: =nirvana1_phantom_1P02G!AK5 -> 8'h10 | AW80: =nirvana1_phantom_1P02G!AL5 -> 8'h10 | AX80: =nirvana1_phantom_1P02G!AM5 -> 8'h10 | AY80: =nirvana1_phantom_1P02G!AN5 -> 8'h10 | ... BQ80: =nirvana1_phantom_1P02G!BF5 -> 0 | BR80: =nirvana1_phantom_1P02G!E21 -> 4'h5 | BS80: =nirvana1_phantom_1P02G!F21 -> 4'h5 | BT80: =nirvana1_phantom_1P02G!G21 -> 4'h5 | BU80: =nirvana1_phantom_1P02G!I21 -> 4'h5 | BV80: =nirvana1_phantom_1P02G!J21 -> 4'h5 | BW80: =nirvana1_phantom_1P02G!K21 -> 4'h5 | BX80: =nirvana1_phantom_1P02G!M21 -> 4'h5 | BY80: =nirvana1_phantom_1P02G!N21 -> 4'h5 | BZ80: =nirvana1_phantom_1P02G!O21 -> 4'h5 | CA80: =nirvana1_phantom_1P02G!Q21 -> 4'h5 | CB80: =nirvana1_phantom_1P02G!R21 -> 4'h5 | CC80: =nirvana1_phantom_1P02G!S21 -> 4'h5 | CD80: =nirvana1_phantom_1P02G!T21 -> 4'h5 | CE80: =nirvana1_phantom_1P02G!U21 -> 4'h5 | CF80: =nirvana1_phantom_1P02G!V21 -> 4'h5 | CG80: =nirvana1_phantom_1P02G!X21 -> 4'h5 | CH80: =nirvana1_phantom_1P02G!Y21 -> 4'h5 | CI80: =nirvana1_phantom_1P02G!AA21 -> 4'h5 | CJ80: =nirvana1_phantom_1P02G!AB21 -> 4'h5 | CK80: =nirvana1_phantom_1P02G!AC21 -> 4'h5 | CL80: =nirvana1_phantom_1P02G!AD21 -> 4'h5 | CM80: =nirvana1_phantom_1P02G!AE21 -> 4'h5 | CN80: =nirvana1_phantom_1P02G!AG21 -> 4'h5 | CO80: =nirvana1_phantom_1P02G!AH21 -> 4'h5 | CP80: =nirvana1_phantom_1P02G!AI21 -> 4'h5 | CQ80: =nirvana1_phantom_1P02G!AJ21 -> 4'h5 | CR80: =nirvana1_phantom_1P02G!AK21 -> 4'h5 | CS80: =nirvana1_phantom_1P02G!AL21 -> 4'h5 | CT80: =nirvana1_phantom_1P02G!AM21 -> 4'h5 | CU80: =nirvana1_phantom_1P02G!AN21 -> 4'h5 | ... DM80: =nirvana1_phantom_1P02G!BF21 -> 0
D81: =E81+F81-1 -> 31 | E81: =D80+1 -> 16 | F81: 16 | J81: 164 | O81: 16'hffff | R81: ATE-NVM | S81: FMUPARM40 | T81: TE-NVM
D82: =E82+F82-1 -> 63 | E82: =D81+1 -> 32 | F82: 32 | J82: 164 | O82: 32'hffffffff | R82: ATE-NVM | S82: FMUPARM41 | T82: TE-NVM
D83: =E83+F83-1 -> 95 | E83: =D82+1 -> 64 | F83: 32 | J83: 164 | O83: 32'hffffffff | R83: ATE-NVM | S83: FMUPARM42 | T83: TE-NVM
D84: =E84+F84-1 -> 127 | E84: =D83+1 -> 96 | F84: 32 | J84: 164 | O84: 32'hffffffff | R84: ATE-NVM | S84: FMUPARM43 | T84: TE-NVM
D85: =E85+F85-1 -> 0 | E85: 0 | F85: 1 | J85: 165 | K85: B | L85: 5 | M85: FTEST[TMECTL] | O85: 1'h0 | P85: M | R85: ATE-NVM | S85: MSF Test Mode Enable control | T85: TE-NVM
D86: =E86+F86-1 -> 31 | E86: =D85+1 -> 1 | F86: 31 | J86: 165 | O86: 31'h1fffffff | R86: ATE-NVM | S86: fmuparm50 | T86: TE-NVM
D87: =E87+F87-1 -> 63 | E87: =D86+1 -> 32 | F87: 32 | J87: 165 | O87: 32'hffffffff | R87: ATE-NVM | S87: fmuparm51 | T87: TE-NVM
D88: =E88+F88-1 -> 95 | E88: =D87+1 -> 64 | F88: 32 | J88: 165 | O88: 32'hffffffff | R88: ATE-NVM | S88: fmuparm52 | T88: TE-NVM
D89: =E89+F89-1 -> 127 | E89: =D88+1 -> 96 | F89: 32 | J89: 165 | O89: 32'hffffffff | R89: ATE-NVM | S89: fmuparm53 | T89: TE-NVM
D90: =E90+F90-1 -> 127 | E90: 0 | F90: 128 | J90: 166 | K90: B | L90: 6 | R90: ATE-NVM | S90: RESERVED for future MSF parameter expansion | T90: TE-NVM
R91: ATE-NVM | T91: TE-NVM
J92: 170 | K92: B | L92: 10 | R92: ATE-NVM | S92: RESERVED | T92: TE-NVM
D93: 31 | E93: 0 | F93: 32 | J93: 17E | K93: B | L93: 1E | O93: 32'hC0DEC0DE | P93: D | R93: ATE-NVM | S93: MSF C0DE_C0DE field at [31:0] to enable auto-load of SoC Trim registers | T93: 32'hC0DEC0DE | U93: 32'hC0DEC0DE
D94: 127 | E94: 32 | F94: 96 | J94: 17E | K94: B | L94: 1E | R94: ATE-NVM | S94: RESERVED
D95: 31 | E95: 0 | F95: 32 | J95: 17F | K95: B | L95: 1F | O95: 32'hC0DEC0DE | R95: ATE-NVM | S95: C0DE_C0DE field at [31:0] for controlling ECC decoder while fetching SoC trim settings | T95: 32'hC0DEC0DE | U95: 32'hC0DEC0DE
D96: 127 | E96: 32 | F96: 96 | J96: 17F | K96: B | L96: 1F
C98: msf_soctrim0 | D98: 0 | E98: 0 | F98: 1 | G98: top level glue logic | H98: N | I98: cmc0_soc_opt_disable | J98: 180 | K98: C | L98: 0 | O98: 1'h0 | P98: M | R98: ATE-IFR_load_en | S98: When set, disables loading of trim registers. Set to 0 to enable trim loading. Function may be similar with FINAL TEST NOT DONE. When there is ECC ERROR, will not load the trim values. | T98: 0
C99: msf_soctrim0 | D99: =E99+F99-1 -> 63 | E99: =D2+1 -> 1 | F99: 63 | I99: Reserved | J99: 180
B100: GPOx_0 | C100: msf_soctrim0 | D100: =E100+F100-1 -> 71 | E100: =D99+1 -> 64 | F100: 8 | H100: N | I100: NMPA_LC_STATE[7:0] | J100: 180 | N100: LC_STATE[7:0] | O100: 8'b11001111 | P100: NA | S100: Reserved for future derivative parts without OTP.
C101: msf_soctrim0 | D101: =E101+F101-1 -> 75 | E101: =D100+1 -> 72 | F101: 4 | G101: top level glue logic | I101: ROM_HIDE_XOM[3:0] | J101: 180 | N101: ROM_XOM_EN | O101: 4'b0000 | P101: P | R101: ATE-MasterDefault | S101: Field defines access attributes of ROM memory spaces when execution context reaches user code. Boot ROM is divided in to two portions critical ROM and rest of the ROM. 4b’0101: ROM hiding enabled but XOM is disabled. Both fields in fuse map (hw_efuse[135:132]) and in IFR1 (msf_soctrim0[75:72]) should be set to 4b'0101. 4b’1010: Both ROM hiding and XOM are disabled. Both fields in fuse map (hw_efuse[135:132]) and in IFR1 (msf_soctrim0[75:72]) should be set to 4b'1010. All other: Remaining combinations enable both critical ROM hiding and XOM features. This option is used if fields in fuse map and IFR1 don’t match. | T101: SYS-ARCH | U101: 4'b0000 | V101: =nirvana1_phantom_1P02G!E6 -> 4'h0 | W101: =nirvana1_phantom_1P02G!F6 -> 4'h0 | X101: =nirvana1_phantom_1P02G!G6 -> 4'h0 | Y101: =nirvana1_phantom_1P02G!I6 -> 4'h0 | Z101: =nirvana1_phantom_1P02G!J6 -> 4'h0 | AA101: =nirvana1_phantom_1P02G!K6 -> 4'h0 | AB101: =nirvana1_phantom_1P02G!M6 -> 4'h0 | AC101: =nirvana1_phantom_1P02G!N6 -> 4'h0 | AD101: =nirvana1_phantom_1P02G!O6 -> 4'h0 | AE101: =nirvana1_phantom_1P02G!Q6 -> 4'h0 | AF101: =nirvana1_phantom_1P02G!R6 -> 4'h0 | AG101: =nirvana1_phantom_1P02G!S6 -> 4'h0 | AH101: =nirvana1_phantom_1P02G!T6 -> 4'h0 | AI101: =nirvana1_phantom_1P02G!U6 -> 4'h0 | AJ101: =nirvana1_phantom_1P02G!V6 -> 4'h0 | AK101: =nirvana1_phantom_1P02G!X6 -> 4'h0 | AL101: =nirvana1_phantom_1P02G!Y6 -> 4'h0 | AM101: =nirvana1_phantom_1P02G!AA6 -> 4'h0 | AN101: =nirvana1_phantom_1P02G!AB6 -> 4'h0 | AO101: =nirvana1_phantom_1P02G!AC6 -> 4'h0 | AP101: =nirvana1_phantom_1P02G!AD6 -> 4'h0 | AQ101: =nirvana1_phantom_1P02G!AE6 -> 4'h0 | AR101: =nirvana1_phantom_1P02G!AG6 -> 4'h0 | AS101: =nirvana1_phantom_1P02G!AH6 -> 4'h0 | AT101: =nirvana1_phantom_1P02G!AI6 -> 4'h0 | AU101: =nirvana1_phantom_1P02G!AJ6 -> 4'h0 | AV101: =nirvana1_phantom_1P02G!AK6 -> 4'h0 | AW101: =nirvana1_phantom_1P02G!AL6 -> 4'h0 | AX101: =nirvana1_phantom_1P02G!AM6 -> 4'h0 | AY101: =nirvana1_phantom_1P02G!AN6 -> 4'h0 | ... BQ101: =nirvana1_phantom_1P02G!BF6 -> 0 | BR101: =nirvana1_phantom_1P02G!E22 -> 0 | BS101: =nirvana1_phantom_1P02G!F22 -> 0 | BT101: =nirvana1_phantom_1P02G!G22 -> 0 | BU101: =nirvana1_phantom_1P02G!I22 -> 0 | BV101: =nirvana1_phantom_1P02G!J22 -> 0 | BW101: =nirvana1_phantom_1P02G!K22 -> 0 | BX101: =nirvana1_phantom_1P02G!M22 -> 0 | BY101: =nirvana1_phantom_1P02G!N22 -> 0 | BZ101: =nirvana1_phantom_1P02G!O22 -> 0 | CA101: =nirvana1_phantom_1P02G!Q22 -> 0 | CB101: =nirvana1_phantom_1P02G!R22 -> 0 | CC101: =nirvana1_phantom_1P02G!S22 -> 0 | CD101: =nirvana1_phantom_1P02G!T22 -> 0 | CE101: =nirvana1_phantom_1P02G!U22 -> 0 | CF101: =nirvana1_phantom_1P02G!V22 -> 0 | CG101: =nirvana1_phantom_1P02G!X22 -> 0 | CH101: =nirvana1_phantom_1P02G!Y22 -> 0 | CI101: =nirvana1_phantom_1P02G!AA22 -> 0 | CJ101: =nirvana1_phantom_1P02G!AB22 -> 0 | CK101: =nirvana1_phantom_1P02G!AC22 -> 0 | CL101: =nirvana1_phantom_1P02G!AD22 -> 0 | CM101: =nirvana1_phantom_1P02G!AE22 -> 0 | CN101: =nirvana1_phantom_1P02G!AG22 -> 0 | CO101: =nirvana1_phantom_1P02G!AH22 -> 0 | CP101: =nirvana1_phantom_1P02G!AI22 -> 0 | CQ101: =nirvana1_phantom_1P02G!AJ22 -> 0 | CR101: =nirvana1_phantom_1P02G!AK22 -> 0 | CS101: =nirvana1_phantom_1P02G!AL22 -> 0 | CT101: =nirvana1_phantom_1P02G!AM22 -> 0 | CU101: =nirvana1_phantom_1P02G!AN22 -> 0 | ... DM101: =nirvana1_phantom_1P02G!BF22 -> 0
C102: msf_soctrim0 | D102: =E102+F102-1 -> 79 | E102: =D101+1 -> 76 | F102: 4 | G102: top level glue logic | I102: CM33_CFG_SEC_EXT[3:0] | J102: 180 | N102: CM33_SECURITY_ EXTENSION_DISABLE[3:0] | O102: 4'b0000 | P102: P | R102: ATE-MasterDefault | S102: CM33 security extensions enabled or disabled. 4b'1010: Non-secure phantom. Security extension of CM33 (CFG_SEC_EXT) is disabled only if both fields in fuse map (hw_efuse[131:128]) and in IFR1 (msf_soctrim0[79:76]) are set to 4b'1010. All other: In all other conditions CM33 security extension is enabled. This option is used if fields in fuse map and IFR1 don’t match. | T102: SYS-ARCH | U102: 4'b0000 | V102: =nirvana1_phantom_1P02G!E7 -> 4'h0 | W102: =nirvana1_phantom_1P02G!F7 -> 4'h0 | X102: =nirvana1_phantom_1P02G!G7 -> 4'h0 | Y102: =nirvana1_phantom_1P02G!I7 -> 4'h0 | Z102: =nirvana1_phantom_1P02G!J7 -> 4'h0 | AA102: =nirvana1_phantom_1P02G!K7 -> 4'h0 | AB102: =nirvana1_phantom_1P02G!M7 -> 4'h0 | AC102: =nirvana1_phantom_1P02G!N7 -> 4'h0 | AD102: =nirvana1_phantom_1P02G!O7 -> 4'h0 | AE102: =nirvana1_phantom_1P02G!Q7 -> 4'h0 | AF102: =nirvana1_phantom_1P02G!R7 -> 4'h0 | AG102: =nirvana1_phantom_1P02G!S7 -> 4'h0 | AH102: =nirvana1_phantom_1P02G!T7 -> 4'h0 | AI102: =nirvana1_phantom_1P02G!U7 -> 4'h0 | AJ102: =nirvana1_phantom_1P02G!V7 -> 4'h0 | AK102: =nirvana1_phantom_1P02G!X7 -> 4'h0 | AL102: =nirvana1_phantom_1P02G!Y7 -> 4'h0 | AM102: =nirvana1_phantom_1P02G!AA7 -> 4'h0 | AN102: =nirvana1_phantom_1P02G!AB7 -> 4'h0 | AO102: =nirvana1_phantom_1P02G!AC7 -> 4'h0 | AP102: =nirvana1_phantom_1P02G!AD7 -> 4'h0 | AQ102: =nirvana1_phantom_1P02G!AE7 -> 4'h0 | AR102: =nirvana1_phantom_1P02G!AG7 -> 4'h0 | AS102: =nirvana1_phantom_1P02G!AH7 -> 4'h0 | AT102: =nirvana1_phantom_1P02G!AI7 -> 4'h0 | AU102: =nirvana1_phantom_1P02G!AJ7 -> 4'h0 | AV102: =nirvana1_phantom_1P02G!AK7 -> 4'h0 | AW102: =nirvana1_phantom_1P02G!AL7 -> 4'h0 | AX102: =nirvana1_phantom_1P02G!AM7 -> 4'h0 | AY102: =nirvana1_phantom_1P02G!AN7 -> 4'h0 | ... BQ102: =nirvana1_phantom_1P02G!BF7 -> 0 | BR102: =nirvana1_phantom_1P02G!E24 -> Note: DEVICE_ID ROM_REV_MINOR should be same with the ROM patch version provided by ROM team. | BS102: =nirvana1_phantom_1P02G!F24 -> 0 | BT102: =nirvana1_phantom_1P02G!G24 -> 0 | BU102: =nirvana1_phantom_1P02G!I24 -> 0 | BV102: =nirvana1_phantom_1P02G!J24 -> 0 | BW102: =nirvana1_phantom_1P02G!K24 -> 0 | BX102: =nirvana1_phantom_1P02G!M24 -> 0 | BY102: =nirvana1_phantom_1P02G!N24 -> 0 | BZ102: =nirvana1_phantom_1P02G!O24 -> 0 | CA102: =nirvana1_phantom_1P02G!Q24 -> 0 | CB102: =nirvana1_phantom_1P02G!R24 -> 0 | CC102: =nirvana1_phantom_1P02G!S24 -> Note: DEVICE_ID ROM_REV_MINOR should be same with the ROM patch version provided by ROM team. | CD102: =nirvana1_phantom_1P02G!T24 -> 0 | CE102: =nirvana1_phantom_1P02G!U24 -> 0 | CF102: =nirvana1_phantom_1P02G!V24 -> 0 | CG102: =nirvana1_phantom_1P02G!X24 -> 0 | CH102: =nirvana1_phantom_1P02G!Y24 -> 0 | CI102: =nirvana1_phantom_1P02G!AA24 -> 0 | CJ102: =nirvana1_phantom_1P02G!AB24 -> 0 | CK102: =nirvana1_phantom_1P02G!AC24 -> 0 | CL102: =nirvana1_phantom_1P02G!AD24 -> 0 | CM102: =nirvana1_phantom_1P02G!AE24 -> Note: DEVICE_ID ROM_REV_MINOR should be same with the ROM patch version provided by ROM team. | CN102: =nirvana1_phantom_1P02G!AG24 -> 0 | CO102: =nirvana1_phantom_1P02G!AH24 -> 0 | CP102: =nirvana1_phantom_1P02G!AI24 -> 0 | CQ102: =nirvana1_phantom_1P02G!AJ24 -> 0 | CR102: =nirvana1_phantom_1P02G!AK24 -> 0 | CS102: =nirvana1_phantom_1P02G!AL24 -> 0 | CT102: =nirvana1_phantom_1P02G!AM24 -> 0 | CU102: =nirvana1_phantom_1P02G!AN24 -> 0 | ... DM102: =nirvana1_phantom_1P02G!BF24 -> 0
C103: msf_soctrim0 | D103: =E103+F103-1 -> 83 | E103: =D102+1 -> 80 | F103: 4 | G103: syscon | I103: DEVICE_ID.RAM_SIZE | J103: 180 | M103: DEVICE ID [3:0]: RAM_Size | O103: 4'b1011 | R103: ATE-Phantom | S103: Default RAM size is 512KB | T103: SYS-ARCH
C104: msf_soctrim0 | D104: =E104+F104-1 -> 87 | E104: =D103+1 -> 84 | F104: 4 | G104: syscon | I104: DEVICE_ID.FLASH_SIZE | J104: 180 | M104: DEVICE ID [7:4]: Flash_Size | O104: 4'b1000 | R104: ATE-Phantom | S104: Default Flash size is 2MB | T104: SYS-ARCH
...

Sheet GDET Config 1P02G
A1: A1 GDET IFR1 : 0x0110_0090, 0x0110_00A0 | E1: 000000000000_0F_0F_PE_PE_3F_00_PE_00_06_0B
A2: A0 GDET IFR1 : 0x0110_0090, 0x0110_00A0 | E2: 000000000000_0C_0B_PE_PE_1F_00_PE_00_06_0B
A3: Register | B3: IFR bits | C3: bits | D3: item | E3: uint8_t GDET_CFGX[16] | F3: bits | G3: item | H3: A0 Value | I3: A1 Value | J3: comments
A4: GDET_UPDATE_TIMER | B4: 0 | C4: 4 | D4: UPD_RATE | E4: GDET_CFGX[0] | F4: 3:0 | G4: UPD_RATE | H4: 0xB | I4: 0xB | J4: Re-evaluated for A1.
B5: =B4+C4 -> 4 | C5: 1 | D5: UPD_STOP | F5: 4 | G5: UPD_STOP | H5: 0 | I5: 0 | J5: Re-evaluated for A1.
B6: =B5+C5 -> 5 | C6: 1 | D6: UPD_MAN | F6: 5 | G6: UPD_MAN | H6: 0 | I6: 0 | J6: Re-evaluated for A1.
B7: =B6+C6 -> 6 | C7: 2 | D7: RESERVED | H7: 0 | I7: 0
A8: GDET_CTRL1 | B8: =B7+C7 -> 8 | C8: 2 | D8: CHG_SEL1 | E8: GDET_CFGX[1] | F8: 1:0 | G8: CHG_SEL1 | H8: 0x2 | I8: 0x2 | J8: Re-evaluated for A1.
B9: =B8+C8 -> 10 | C9: 2 | D9: WEIGHT1 | F9: 3:2 | G9: WEIGHT1 | H9: 0x1 | I9: 0x1 | J9: Re-evaluated for A1.
B10: =B9+C9 -> 12 | C10: 1 | D10: IGN_ERR1 | F10: 4 | G10: IGN_ERR1 | H10: 0 | I10: 0 | J10: Re-evaluated for A1.
B11: =B10+C10 -> 13 | C11: 1 | D11: IGN_POS1 | F11: 5 | G11: IGN_POS1 | H11: 0 | I11: 0 | J11: Re-evaluated for A1.
B12: =B11+C11 -> 14 | C12: 1 | D12: IGN_NEG1 | F12: 6 | G12: IGN_NEG1 | H12: 0 | I12: 0 | J12: Re-evaluated for A1.
B13: =B12+C12 -> 15 | C13: 1 | D13: FULLCYC1 | F13: 7 | G13: FULLCYC1 | H13: 0 | I13: 0 | J13: Re-evaluated for A1.
B14: =B13+C13 -> 16 | C14: 1 | D14: DBL_DLY1 | E14: GDET_CFGX[2] | F14: 0 | G14: DBL_DLY1 | H14: 0 | I14: 0 | J14: Re-evaluated for A1.
B15: =B14+C14 -> 17 | C15: 1 | D15: STAB_REF1 | F15: 1 | G15: STAB_REF1 | H15: 0 | I15: 0 | J15: Re-evaluated for A1.
B16: =B15+C15 -> 18 | C16: 1 | D16: EXTVPASS1 | F16: 2 | G16: EXTVPASS1 | H16: 0 | I16: 0 | J16: Re-evaluated for A1.
B17: =B16+C16 -> 19 | C17: 5 | D17: RESERVED | H17: 0 | I17: 0
A18: GDET_INIT_DEL1 | B18: =B17+C17 -> 24 | C18: 7 | D18: TRIM1 | E18: GDET_CFGX[3] | F18: 6:0 | G18: TRIM1 | H18: <PTE> | I18: <PTE> | J18: Changing per part.
B19: =B18+C18 -> 31 | C19: 1 | D19: RESERVED | H19: 0 | I19: 0
B20: =B19+C19 -> 32 | C20: 6 | D20: MIN_REF1 | E20: GDET_CFGX[4] | F20: 5:0 | G20: MIN_REF1 | H20: 0 | I20: 0 | J20: Re-evaluated for A1.
B21: =B20+C20 -> 38 | C21: 2 | D21: RESERVED | H21: 0 | I21: 0
B22: =B21+C21 -> 40 | C22: 6 | D22: MAX_REF1 | E22: GDET_CFGX[5] | F22: 5:0 | G22: MAX_REF1 | H22: 0x1F | I22: 0x3F | J22: Re-evaluated for A1.
B23: =B22+C22 -> 46 | C23: 2 | D23: RESERVED | H23: 0 | I23: 0
A24: GDET_INIT_DEL1_MODE1 | B24: =B23+C23 -> 48 | C24: 7 | D24: TRIM1 | E24: GDET_CFGX[6] | F24: 6:0 | G24: TRIM1 | H24: <PTE> | I24: <PTE> | J24: Changing per part.
B25: =B24+C24 -> 55 | C25: 1 | D25: RESERVED | H25: 0 | I25: 0
A26: GDET_INIT_DEL1_MODE2 | B26: =B25+C25 -> 56 | C26: 7 | D26: TRIM1 | E26: GDET_CFGX[7] | F26: 6:0 | G26: TRIM1 | H26: <PTE> | I26: <PTE> | J26: Changing per part.
B27: =B26+C26 -> 63 | C27: 1 | D27: RESERVED | H27: 0 | I27: 0
A28: GDET_MARGIN1 | B28: =B27+C27 -> 64 | C28: 6 | D28: MNEG1 | E28: GDET_CFGX[8] | F28: 5:0 | G28: MNEG1 | H28: 0xB | I28: 0xF | J28: Re-evaluated for A1.
B29: =B28+C28 -> 70 | C29: 2 | D29: RESERVED | H29: 0 | I29: 0x0
B30: =B29+C29 -> 72 | C30: 6 | D30: MPOS1 | E30: GDET_CFGX[9] | F30: 5:0 | G30: MPOS1 | H30: 0xC | I30: 0xF | J30: Re-evaluated for A1.
B31: =B30+C30 -> 78 | C31: 2 | D31: RESERVED | H31: 0

Sheet GDET Config 2P02G
A1: A1 GDET IFR1 : 0x0110_0090, 0x0110_00A0 | E1: 000000000000_0F_0F_PE_PE_3F_00_PE_00_06_0B
A2: A0 GDET IFR1 : 0x0110_0090, 0x0110_00A0 | E2: 000000000000_0C_0B_PE_PE_1F_00_PE_00_06_0B
A3: Register | B3: IFR bits | C3: bits | D3: item | E3: uint8_t GDET_CFGX[16] | F3: bits | G3: item | H3: A1.1 Value
A4: GDET_UPDATE_TIMER | B4: 0 | C4: 4 | D4: UPD_RATE | E4: GDET_CFGX[0] | F4: 3:0 | G4: UPD_RATE | H4: 0xB
B5: =B4+C4 -> 4 | C5: 1 | D5: UPD_STOP | F5: 4 | G5: UPD_STOP | H5: 0
B6: =B5+C5 -> 5 | C6: 1 | D6: UPD_MAN | F6: 5 | G6: UPD_MAN | H6: 0
B7: =B6+C6 -> 6 | C7: 2 | D7: RESERVED | H7: 0
A8: GDET_CTRL1 | B8: =B7+C7 -> 8 | C8: 2 | D8: CHG_SEL1 | E8: GDET_CFGX[1] | F8: 1:0 | G8: CHG_SEL1 | H8: 0x2
B9: =B8+C8 -> 10 | C9: 2 | D9: WEIGHT1 | F9: 3:2 | G9: WEIGHT1 | H9: 0x1
B10: =B9+C9 -> 12 | C10: 1 | D10: IGN_ERR1 | F10: 4 | G10: IGN_ERR1 | H10: 0
B11: =B10+C10 -> 13 | C11: 1 | D11: IGN_POS1 | F11: 5 | G11: IGN_POS1 | H11: 0
B12: =B11+C11 -> 14 | C12: 1 | D12: IGN_NEG1 | F12: 6 | G12: IGN_NEG1 | H12: 0
B13: =B12+C12 -> 15 | C13: 1 | D13: FULLCYC1 | F13: 7 | G13: FULLCYC1 | H13: 0
B14: =B13+C13 -> 16 | C14: 1 | D14: DBL_DLY1 | E14: GDET_CFGX[2] | F14: 0 | G14: DBL_DLY1 | H14: 0
B15: =B14+C14 -> 17 | C15: 1 | D15: STAB_REF1 | F15: 1 | G15: STAB_REF1 | H15: 0
B16: =B15+C15 -> 18 | C16: 1 | D16: EXTVPASS1 | F16: 2 | G16: EXTVPASS1 | H16: 0
B17: =B16+C16 -> 19 | C17: 5 | D17: RESERVED | H17: 0
A18: GDET_INIT_DEL1 | B18: =B17+C17 -> 24 | C18: 7 | D18: TRIM1 | E18: GDET_CFGX[3] | F18: 6:0 | G18: TRIM1 | H18: <PTE>
B19: =B18+C18 -> 31 | C19: 1 | D19: RESERVED | H19: 0
B20: =B19+C19 -> 32 | C20: 6 | D20: MIN_REF1 | E20: GDET_CFGX[4] | F20: 5:0 | G20: MIN_REF1 | H20: 0
B21: =B20+C20 -> 38 | C21: 2 | D21: RESERVED | H21: 0
B22: =B21+C21 -> 40 | C22: 6 | D22: MAX_REF1 | E22: GDET_CFGX[5] | F22: 5:0 | G22: MAX_REF1 | H22: 0x3F
B23: =B22+C22 -> 46 | C23: 2 | D23: RESERVED | H23: 0
A24: GDET_INIT_DEL1_MODE1 | B24: =B23+C23 -> 48 | C24: 7 | D24: TRIM1 | E24: GDET_CFGX[6] | F24: 6:0 | G24: TRIM1 | H24: <PTE>
B25: =B24+C24 -> 55 | C25: 1 | D25: RESERVED | H25: 0
A26: GDET_INIT_DEL1_MODE2 | B26: =B25+C25 -> 56 | C26: 7 | D26: TRIM1 | E26: GDET_CFGX[7] | F26: 6:0 | G26: TRIM1 | H26: <PTE>
B27: =B26+C26 -> 63 | C27: 1 | D27: RESERVED | H27: 0
A28: GDET_MARGIN1 | B28: =B27+C27 -> 64 | C28: 6 | D28: MNEG1 | E28: GDET_CFGX[8] | F28: 5:0 | G28: MNEG1 | H28: 0xC
B29: =B28+C28 -> 70 | C29: 2 | D29: RESERVED | H29: 0
B30: =B29+C29 -> 72 | C30: 6 | D30: MPOS1 | E30: GDET_CFGX[9] | F30: 5:0 | G30: MPOS1 | H30: 0xE
B31: =B30+C30 -> 78 | C31: 2 | D31: RESERVED | H31: 0

Sheet GDET Config 3P02G 
A1: A1 GDET IFR1 : 0x0110_0090, 0x0110_00A0 | E1: 000000000000_0F_0F_PE_PE_3F_00_PE_00_06_0B
A2: A0 GDET IFR1 : 0x0110_0090, 0x0110_00A0 | E2: 000000000000_0C_0B_PE_PE_1F_00_PE_00_06_0B
A3: Register | B3: IFR bits | C3: bits | D3: item | E3: uint8_t GDET_CFGX[16] | F3: bits | G3: item | H3: A1.1 Value
A4: GDET_UPDATE_TIMER | B4: 0 | C4: 4 | D4: UPD_RATE | E4: GDET_CFGX[0] | F4: 3:0 | G4: UPD_RATE | H4: 0xB
B5: =B4+C4 -> 4 | C5: 1 | D5: UPD_STOP | F5: 4 | G5: UPD_STOP | H5: 0
B6: =B5+C5 -> 5 | C6: 1 | D6: UPD_MAN | F6: 5 | G6: UPD_MAN | H6: 0
B7: =B6+C6 -> 6 | C7: 2 | D7: RESERVED | H7: 0
A8: GDET_CTRL1 | B8: =B7+C7 -> 8 | C8: 2 | D8: CHG_SEL1 | E8: GDET_CFGX[1] | F8: 1:0 | G8: CHG_SEL1 | H8: 0x2
B9: =B8+C8 -> 10 | C9: 2 | D9: WEIGHT1 | F9: 3:2 | G9: WEIGHT1 | H9: 0x1
B10: =B9+C9 -> 12 | C10: 1 | D10: IGN_ERR1 | F10: 4 | G10: IGN_ERR1 | H10: 0
B11: =B10+C10 -> 13 | C11: 1 | D11: IGN_POS1 | F11: 5 | G11: IGN_POS1 | H11: 0
B12: =B11+C11 -> 14 | C12: 1 | D12: IGN_NEG1 | F12: 6 | G12: IGN_NEG1 | H12: 0
B13: =B12+C12 -> 15 | C13: 1 | D13: FULLCYC1 | F13: 7 | G13: FULLCYC1 | H13: 0
B14: =B13+C13 -> 16 | C14: 1 | D14: DBL_DLY1 | E14: GDET_CFGX[2] | F14: 0 | G14: DBL_DLY1 | H14: 0
B15: =B14+C14 -> 17 | C15: 1 | D15: STAB_REF1 | F15: 1 | G15: STAB_REF1 | H15: 0
B16: =B15+C15 -> 18 | C16: 1 | D16: EXTVPASS1 | F16: 2 | G16: EXTVPASS1 | H16: 0
B17: =B16+C16 -> 19 | C17: 5 | D17: RESERVED | H17: 0
A18: GDET_INIT_DEL1 | B18: =B17+C17 -> 24 | C18: 7 | D18: TRIM1 | E18: GDET_CFGX[3] | F18: 6:0 | G18: TRIM1 | H18: <PTE>
B19: =B18+C18 -> 31 | C19: 1 | D19: RESERVED | H19: 0
B20: =B19+C19 -> 32 | C20: 6 | D20: MIN_REF1 | E20: GDET_CFGX[4] | F20: 5:0 | G20: MIN_REF1 | H20: 0
B21: =B20+C20 -> 38 | C21: 2 | D21: RESERVED | H21: 0
B22: =B21+C21 -> 40 | C22: 6 | D22: MAX_REF1 | E22: GDET_CFGX[5] | F22: 5:0 | G22: MAX_REF1 | H22: 0x3F
B23: =B22+C22 -> 46 | C23: 2 | D23: RESERVED | H23: 0
A24: GDET_INIT_DEL1_MODE1 | B24: =B23+C23 -> 48 | C24: 7 | D24: TRIM1 | E24: GDET_CFGX[6] | F24: 6:0 | G24: TRIM1 | H24: <PTE>
B25: =B24+C24 -> 55 | C25: 1 | D25: RESERVED | H25: 0
A26: GDET_INIT_DEL1_MODE2 | B26: =B25+C25 -> 56 | C26: 7 | D26: TRIM1 | E26: GDET_CFGX[7] | F26: 6:0 | G26: TRIM1 | H26: <PTE>
B27: =B26+C26 -> 63 | C27: 1 | D27: RESERVED | H27: 0
A28: GDET_MARGIN1 | B28: =B27+C27 -> 64 | C28: 6 | D28: MNEG1 | E28: GDET_CFGX[8] | F28: 5:0 | G28: MNEG1 | H28: 0xF
B29: =B28+C28 -> 70 | C29: 2 | D29: RESERVED | H29: 0
B30: =B29+C29 -> 72 | C30: 6 | D30: MPOS1 | E30: GDET_CFGX[9] | F30: 5:0 | G30: MPOS1 | H30: 0xF
B31: =B30+C30 -> 78 | C31: 2 | D31: RESERVED | H31: 0

Sheet nirvana1_phantom_1P02G
B3: Secure Phantom | C3: IFR1 location | D3: Registers | E3: =Peripheral_EN0!C3 -> MCXN947VDFT | F3: =Peripheral_EN0!D3 -> MCXN947VPBT | G3: =Peripheral_EN0!E3 -> MCXN947VKLT | H3: =Peripheral_EN0!F3 -> MCXN947VABR | I3: =Peripheral_EN0!G3 -> MCXN946VDFT | J3: =Peripheral_EN0!H3 -> MCXN946VPBT | K3: =Peripheral_EN0!I3 -> MCXN946VKLT | L3: =Peripheral_EN0!J3 -> MCXN946VABR | ... AA3: =Peripheral_EN0!Y3 -> MCXN556SCDFT | AB3: =Peripheral_EN0!AA3 -> MCXN247VDFT | AC3: =Peripheral_EN0!AB3 -> MCXN247VKLT | AD3: =Peripheral_EN0!AC3 -> MCXN247VPBT | AE3: =Peripheral_EN0!AD3 -> MCXN247VABR | AF3: =Peripheral_EN0!AE3 -> MCXN246VABR | AG3: =Peripheral_EN0!AF3 -> MCXN537VDFT | AH3: =Peripheral_EN0!AG3 -> MCXN537VPBT | AI3: =Peripheral_EN0!AH3 -> MCXN537VKLT | ... AN3: =Peripheral_EN0!AM3 -> MCXN536VABR
C4: 0x1640 | D4: MSIZE[MAXADDR0] | E4: ='Flash Size'!C3 -> 8'h20 | F4: ='Flash Size'!D3 -> 8'h20 | G4: ='Flash Size'!E3 -> 8'h20 | H4: ='Flash Size'!F3 -> 8'h20 | I4: ='Flash Size'!G3 -> 8'h10 | J4: ='Flash Size'!H3 -> 8'h10 | K4: ='Flash Size'!I3 -> 8'h10 | L4: ='Flash Size'!J3 -> 8'h10 | ... AA4: ='Flash Size'!Y3 -> 8'h10 | AB4: ='Flash Size'!AA3 -> 8'h20 | AC4: ='Flash Size'!AB3 -> 8'h20 | AD4: ='Flash Size'!AC3 -> 8'h20 | AE4: ='Flash Size'!AD3 -> 8'h20 | AF4: ='Flash Size'!AE3 -> 8'h10 | AG4: ='Flash Size'!AF3 -> 8'h20 | AH4: ='Flash Size'!AG3 -> 8'h20 | AI4: ='Flash Size'!AH3 -> 8'h20 | ... AN4: ='Flash Size'!AM3 -> 8'h10
C5: 0x1641 | D5: MSIZE[MAXADDR1] | E5: ='Flash Size'!C4 -> 8'h20 | F5: ='Flash Size'!D4 -> 8'h20 | G5: ='Flash Size'!E4 -> 8'h20 | H5: ='Flash Size'!F4 -> 8'h20 | I5: ='Flash Size'!G4 -> 8'h10 | J5: ='Flash Size'!H4 -> 8'h10 | K5: ='Flash Size'!I4 -> 8'h10 | L5: ='Flash Size'!J4 -> 8'h10 | ... AA5: ='Flash Size'!Y4 -> 8'h10 | AB5: ='Flash Size'!AA4 -> 8'h20 | AC5: ='Flash Size'!AB4 -> 8'h20 | AD5: ='Flash Size'!AC4 -> 8'h20 | AE5: ='Flash Size'!AD4 -> 8'h20 | AF5: ='Flash Size'!AE4 -> 8'h10 | AG5: ='Flash Size'!AF4 -> 8'h20 | AH5: ='Flash Size'!AG4 -> 8'h20 | AI5: ='Flash Size'!AH4 -> 8'h20 | ... AN5: ='Flash Size'!AM4 -> 8'h10
C6: 0x1808[11:8] (msf_soctrim0[75:72]) | D6: ROM_HIDE_XOM[3:0] | E6: 4'h0 | F6: 4'h0 | G6: 4'h0 | H6: 4'h0 | I6: 4'h0 | J6: 4'h0 | K6: 4'h0 | L6: 4'h0 | M6: 4'h0 | N6: 4'h0 | O6: 4'h0 | P6: 4'h0 | Q6: 4'h0 | R6: 4'h0 | S6: 4'h0 | T6: 4'h0 | U6: 4'h0 | V6: 4'h0 | W6: 4'h0 | X6: 4'h0 | Y6: 4'h0 | Z6: 4'h0 | AA6: 4'h0 | AB6: 4'h0 | AC6: 4'h0 | AD6: 4'h0 | AE6: 4'h0 | AF6: 4'h0 | AG6: 4'h0 | AH6: 4'h0 | AI6: 4'h0 | AJ6: 4'h0 | AK6: 4'h0 | AL6: 4'h0 | AM6: 4'h0 | AN6: 4'h0
C7: 0x1808[15:12] (msf_soctrim0[79:76]) | D7: CM33_CFG_SEC_EXT[3:0] | E7: 4'h0 | F7: 4'h0 | G7: 4'h0 | H7: 4'h0 | I7: 4'h0 | J7: 4'h0 | K7: 4'h0 | L7: 4'h0 | M7: 4'h0 | N7: 4'h0 | O7: 4'h0 | P7: 4'h0 | Q7: 4'h0 | R7: 4'h0 | S7: 4'h0 | T7: 4'h0 | U7: 4'h0 | V7: 4'h0 | W7: 4'h0 | X7: 4'h0 | Y7: 4'h0 | Z7: 4'h0 | AA7: 4'h0 | AB7: 4'h0 | AC7: 4'h0 | AD7: 4'h0 | AE7: 4'h0 | AF7: 4'h0 | AG7: 4'h0 | AH7: 4'h0 | AI7: 4'h0 | AJ7: 4'h0 | AK7: 4'h0 | AL7: 4'h0 | AM7: 4'h0 | AN7: 4'h0
C8: 0x180C[15:0] (msf_soctrim0[111:96]) | D8: syscon_device_type[15:0] | E8: =DEVICE_TYPE!C3 -> 16'h1947 | F8: =DEVICE_TYPE!D3 -> 16'h1947 | G8: =DEVICE_TYPE!E3 -> 16'h1947 | H8: =DEVICE_TYPE!F3 -> 16'h1947 | I8: =DEVICE_TYPE!G3 -> 16'h1946 | J8: =DEVICE_TYPE!H3 -> 16'h1946 | K8: =DEVICE_TYPE!I3 -> 16'h1946 | L8: =DEVICE_TYPE!J3 -> 16'h1946 | ... AA8: =DEVICE_TYPE!Y3 -> 16'h1556 | AB8: =DEVICE_TYPE!AA3 -> 16'h1247 | AC8: =DEVICE_TYPE!AB3 -> 16'h1247 | AD8: =DEVICE_TYPE!AC3 -> 16'h1247 | AE8: =DEVICE_TYPE!AD3 -> 16'h1247 | AF8: =DEVICE_TYPE!AE3 -> 16'h1246 | AG8: =DEVICE_TYPE!AF3 -> 16'h1537 | AH8: =DEVICE_TYPE!AG3 -> 16'h1537 | AI8: =DEVICE_TYPE!AH3 -> 16'h1537 | ... AN8: =DEVICE_TYPE!AM3 -> 16'h1536
C9: 0x180C[16] (msf_soctrim0[112]) | D9: syscon_device_type[16] | E9: =DEVICE_TYPE!C4 -> 1'h1 | F9: =DEVICE_TYPE!D4 -> 1'h1 | G9: =DEVICE_TYPE!E4 -> 1'h1 | H9: =DEVICE_TYPE!F4 -> 1'h1 | I9: =DEVICE_TYPE!G4 -> 1'h1 | J9: =DEVICE_TYPE!H4 -> 1'h1 | K9: =DEVICE_TYPE!I4 -> 1'h1 | L9: =DEVICE_TYPE!J4 -> 1'h1 | ... AA9: =DEVICE_TYPE!Y4 -> 1'h1 | AB9: =DEVICE_TYPE!AA4 -> 1'h1 | AC9: =DEVICE_TYPE!AB4 -> 1'h1 | AD9: =DEVICE_TYPE!AC4 -> 1'h1 | AE9: =DEVICE_TYPE!AD4 -> 1'h1 | AF9: =DEVICE_TYPE!AE4 -> 1'h1 | AG9: =DEVICE_TYPE!AF4 -> 1'h1 | AH9: =DEVICE_TYPE!AG4 -> 1'h1 | AI9: =DEVICE_TYPE!AH4 -> 1'h1 | ... AN9: =DEVICE_TYPE!AM4 -> 1'h1
C10: 0x180C[23:20] (msf_soctrim0[119:116]) | D10: syscon_device_type[23:20] | E10: =DEVICE_TYPE!C5 -> 4'h2 | F10: =DEVICE_TYPE!D5 -> 4'h3 | G10: =DEVICE_TYPE!E5 -> 4'h0 | H10: =DEVICE_TYPE!F5 -> 4'h5 | I10: =DEVICE_TYPE!G5 -> 4'h2 | J10: =DEVICE_TYPE!H5 -> 4'h3 | K10: =DEVICE_TYPE!I5 -> 4'h0 | L10: =DEVICE_TYPE!J5 -> 4'h5 | ... AA10: =DEVICE_TYPE!Y5 -> 4'h2 | AB10: =DEVICE_TYPE!AA5 -> 4'h2 | AC10: =DEVICE_TYPE!AB5 -> 4'h0 | AD10: =DEVICE_TYPE!AC5 -> 4'h3 | AE10: =DEVICE_TYPE!AD5 -> 4'h5 | AF10: =DEVICE_TYPE!AE5 -> 4'h5 | AG10: =DEVICE_TYPE!AF5 -> 4'h2 | AH10: =DEVICE_TYPE!AG5 -> 4'h3 | AI10: =DEVICE_TYPE!AH5 -> 4'h0 | ... AN10: =DEVICE_TYPE!AM5 -> 4'h5
C11: 0x180C[31:24] (msf_soctrim0[127:120]) | D11: syscon_device_type[31:24] | E11: =DEVICE_TYPE!C6 -> 8'hB8 | F11: =DEVICE_TYPE!D6 -> 8'hAC | G11: =DEVICE_TYPE!E6 -> 8'h64 | H11: =DEVICE_TYPE!F6 -> 8'h7B | I11: =DEVICE_TYPE!G6 -> 8'hB8 | J11: =DEVICE_TYPE!H6 -> 8'hAC | K11: =DEVICE_TYPE!I6 -> 8'h64 | L11: =DEVICE_TYPE!J6 -> 8'h7B | ... AA11: =DEVICE_TYPE!Y6 -> 8'hB8 | AB11: =DEVICE_TYPE!AA6 -> 8'hB8 | AC11: =DEVICE_TYPE!AB6 -> 8'h64 | AD11: =DEVICE_TYPE!AC6 -> 8'hAC | AE11: =DEVICE_TYPE!AD6 -> 8'h7B | AF11: =DEVICE_TYPE!AE6 -> 8'h7B | AG11: =DEVICE_TYPE!AF6 -> 8'hB8 | AH11: =DEVICE_TYPE!AG6 -> 8'hAC | AI11: =DEVICE_TYPE!AH6 -> 8'h64 | ... AN11: =DEVICE_TYPE!AM6 -> 8'h7B
C12: 0x1880 | D12: Peripheral_EN0 | E12: =Peripheral_EN0!C37 -> 32'hBEFBF800 | F12: =Peripheral_EN0!D37 -> 32'hBEFBF800 | G12: =Peripheral_EN0!E37 -> 32'hBEFBF800 | H12: =Peripheral_EN0!F37 -> 32'hBEFBF800 | I12: =Peripheral_EN0!G37 -> 32'hBEFBF800 | J12: =Peripheral_EN0!H37 -> 32'hBEFBF800 | K12: =Peripheral_EN0!I37 -> 32'hBEFBF800 | L12: =Peripheral_EN0!J37 -> 32'hBEFBF800 | ... AA12: =Peripheral_EN0!Y37 -> 32'hBEFBF800 | AB12: =Peripheral_EN0!AA37 -> 32'h3EFBF800 | AC12: =Peripheral_EN0!AB37 -> 32'h3EFBF800 | AD12: =Peripheral_EN0!AC37 -> 32'h3EFBF800 | AE12: =Peripheral_EN0!AD37 -> 32'h3EFBF800 | AF12: =Peripheral_EN0!AE37 -> 32'h3EFBF800 | AG12: =Peripheral_EN0!AF37 -> 32'hBEFBF800 | AH12: =Peripheral_EN0!AG37 -> 32'hBEFBF800 | AI12: =Peripheral_EN0!AH37 -> 32'hBEFBF800 | ... AN12: =Peripheral_EN0!AM37 -> 32'hBEFBF800
C13: 0x1884 | D13: Peripheral_EN1 | E13: =Peripheral_EN1!C37 -> 32'hEFFFFF3F | F13: =Peripheral_EN1!D37 -> 32'hEFFFFF3F | G13: =Peripheral_EN1!E37 -> 32'hEFDFFC3F | H13: =Peripheral_EN1!F37 -> 32'hEFFFFF3F | I13: =Peripheral_EN1!G37 -> 32'hEFDFFC3F | J13: =Peripheral_EN1!H37 -> 32'hEFDFFC3F | K13: =Peripheral_EN1!I37 -> 32'hEFDFFC3F | L13: =Peripheral_EN1!J37 -> 32'hEFDFFC3F | ... AA13: =Peripheral_EN1!Y37 -> 32'hEFFFFF3F | AB13: =Peripheral_EN1!AA37 -> 32'hEC47FF3F | AC13: =Peripheral_EN1!AB37 -> 32'hEC47FF3F | AD13: =Peripheral_EN1!AC37 -> 32'hEC47FF3F | AE13: =Peripheral_EN1!AD37 -> 32'hEC47FF3F | AF13: =Peripheral_EN1!AE37 -> 32'hEC47FF3F | AG13: =Peripheral_EN1!AF37 -> 32'hEC7FFC3F | AH13: =Peripheral_EN1!AG37 -> 32'hEC7FFC3F | AI13: =Peripheral_EN1!AH37 -> 32'hEC7FFC3F | ... AN13: =Peripheral_EN1!AM37 -> 32'hEC7FFC3F
C14: 0x1888 | D14: Peripheral_EN2 | E14: =Peripheral_EN2!C37 -> 32'hA3FFD97F | F14: =Peripheral_EN2!D37 -> 32'hA3FFD97F | G14: =Peripheral_EN2!E37 -> 32'hA3FCD977 | H14: =Peripheral_EN2!F37 -> 32'hA3FFD97F | I14: =Peripheral_EN2!G37 -> 32'hA3FFD977 | J14: =Peripheral_EN2!H37 -> 32'hA3FFD977 | K14: =Peripheral_EN2!I37 -> 32'hA3FCD977 | L14: =Peripheral_EN2!J37 -> 32'hA3FFD977 | ... AA14: =Peripheral_EN2!Y37 -> 32'hA3EF597F | AB14: =Peripheral_EN2!AA37 -> 32'h23F7D916 | AC14: =Peripheral_EN2!AB37 -> 32'h23F7D916 | AD14: =Peripheral_EN2!AC37 -> 32'h23F7D916 | AE14: =Peripheral_EN2!AD37 -> 32'h23F7D916 | AF14: =Peripheral_EN2!AE37 -> 32'h23F7D916 | AG14: =Peripheral_EN2!AF37 -> 32'h23EF597A | AH14: =Peripheral_EN2!AG37 -> 32'h23EF597A | AI14: =Peripheral_EN2!AH37 -> 32'h23EF597A | ... AN14: =Peripheral_EN2!AM37 -> 32'h23EF597A
C15: 0x188C | D15: Peripheral_EN3 | E15: =Peripheral_EN3!C37 -> 32'h0FFCFFFF | F15: =Peripheral_EN3!D37 -> 32'h0FFCFFFF | G15: =Peripheral_EN3!E37 -> 32'h0FBCFFFF | H15: =Peripheral_EN3!F37 -> 32'h0FFCFFFF | I15: =Peripheral_EN3!G37 -> 32'h0FBCFFFF | J15: =Peripheral_EN3!H37 -> 32'h0FBCFFFF | K15: =Peripheral_EN3!I37 -> 32'h0FBCFFFF | L15: =Peripheral_EN3!J37 -> 32'h0FBCFFFF | ... AA15: =Peripheral_EN3!Y37 -> 32'h0FE80F53 | AB15: =Peripheral_EN3!AA37 -> 32'h0788FFF7 | AC15: =Peripheral_EN3!AB37 -> 32'h07883FF7 | AD15: =Peripheral_EN3!AC37 -> 32'h0788FFF7 | AE15: =Peripheral_EN3!AD37 -> 32'h0788FFF7 | AF15: =Peripheral_EN3!AE37 -> 32'h0788FFF7 | AG15: =Peripheral_EN3!AF37 -> 32'h0FECE643 | AH15: =Peripheral_EN3!AG37 -> 32'h0FECE643 | AI15: =Peripheral_EN3!AH37 -> 32'h0FEC2643 | ... AN15: =Peripheral_EN3!AM37 -> 32'h0FECE643
C16: 0x1890 | D16: Misc_Phantom | E16: =Misc_Phantom!C37 -> 32'h07FF0F03 | F16: =Misc_Phantom!D37 -> 32'h07FF0F03 | G16: =Misc_Phantom!E37 -> 32'h07FF0F03 | H16: =Misc_Phantom!F37 -> 32'h07FF0F03 | I16: =Misc_Phantom!G37 -> 32'h07FF0F72 | J16: =Misc_Phantom!H37 -> 32'h07FF0F72 | K16: =Misc_Phantom!I37 -> 32'h07FF0F72 | L16: =Misc_Phantom!J37 -> 32'h07FF0F72 | ... AA16: =Misc_Phantom!Y37 -> 32'h07FF0FF3 | AB16: =Misc_Phantom!AA37 -> 32'h07FE0FF3 | AC16: =Misc_Phantom!AB37 -> 32'h07FE0FF3 | AD16: =Misc_Phantom!AC37 -> 32'h07FE0FF3 | AE16: =Misc_Phantom!AD37 -> 32'h07FE0FF3 | AF16: =Misc_Phantom!AE37 -> 32'h07FE0FF2 | AG16: =Misc_Phantom!AF37 -> 32'h07FF0FF3 | AH16: =Misc_Phantom!AG37 -> 32'h07FF0FF3 | AI16: =Misc_Phantom!AH37 -> 32'h07FF0FF3 | ... AN16: =Misc_Phantom!AM37 -> 32'h07FF0FF2
C18: 0x180A[3:0] (msf_soctrim0[83:80]) | D18: DEVICE_ID.RAM_SIZE | E18: 4'hB | F18: 4'hB | G18: 4'hB | H18: 4'hB | I18: 4'hA | J18: 4'hA | K18: 4'hA | L18: 4'hA | M18: 4'hB | N18: 4'hB | O18: 4'hB | P18: 4'hB | Q18: 4'hA | R18: 4'hA | S18: 4'hA | T18: 4'hA | U18: 4'hB | V18: 4'hB | W18: 4'hB | X18: 4'hA | Y18: 4'hA | Z18: 4'hA | AA18: 4'hB | AB18: 4'hB | AC18: 4'hB | AD18: 4'hB | AE18: 4'hB | AF18: 4'hA | AG18: 4'hB | AH18: 4'hB | AI18: 4'hB | AJ18: 4'hB | AK18: 4'hA | AL18: 4'hA | AM18: 4'hA | AN18: 4'hA
C19: 0x180A[7:4] (msf_soctrim0[87:84]) | D19: DEVICE_ID.FLASH_SIZE | E19: 4'h8 | F19: 4'h8 | G19: 4'h8 | H19: 4'h8 | I19: 4'h6 | J19: 4'h6 | K19: 4'h6 | L19: 4'h6 | M19: 4'h8 | N19: 4'h8 | O19: 4'h8 | P19: 4'h8 | Q19: 4'h6 | R19: 4'h6 | S19: 4'h6 | T19: 4'h6 | U19: 4'h8 | V19: 4'h8 | W19: 4'h8 | X19: 4'h6 | Y19: 4'h6 | Z19: 4'h6 | AA19: 4'h6 | AB19: 4'h8 | AC19: 4'h8 | AD19: 4'h8 | AE19: 4'h8 | AF19: 4'h6 | AG19: 4'h8 | AH19: 4'h8 | AI19: 4'h8 | AJ19: 4'h8 | AK19: 4'h6 | AL19: 4'h6 | AM19: 4'h6 | AN19: 4'h6
C20: 0x180A[7:4] (msf_soctrim0[91:88]) | D20: DEVICE_ID.ROMPATCH_VERSION | E20: 4'h5 | F20: =E20 -> 4'h5 | G20: =E20 -> 4'h5 | H20: 4'h5 | I20: =E20 -> 4'h5 | J20: =E20 -> 4'h5 | K20: =E20 -> 4'h5 | L20: =H20 -> 4'h5 | M20: =E20 -> 4'h5 | N20: =E20 -> 4'h5 | O20: =E20 -> 4'h5 | P20: =H20 -> 4'h5 | Q20: =E20 -> 4'h5 | R20: =E20 -> 4'h5 | S20: =E20 -> 4'h5 | T20: =H20 -> 4'h5 | U20: =M20 -> 4'h5 | V20: =N20 -> 4'h5 | W20: =O20 -> 4'h5 | X20: =K20 -> 4'h5 | Y20: =L20 -> 4'h5 | Z20: =R20 -> 4'h5 | AA20: 4'h0 | AB20: =R20 -> 4'h5 | AC20: =S20 -> 4'h5 | AD20: =T20 -> 4'h5 | AE20: =U20 -> 4'h5 | AF20: =V20 -> 4'h5 | AG20: =V20 -> 4'h5 | AH20: =V20 -> 4'h5 | AI20: =V20 -> 4'h5 | AJ20: 4'h5 | AK20: =V20 -> 4'h5 | AL20: =V20 -> 4'h5 | AM20: =V20 -> 4'h5 | AN20: 4'h5
C21: 0x180A[7:4] (msf_soctrim0[95:92]) | D21: DEVICE_ID.SECURITY | E21: 4'h5 | F21: 4'h5 | G21: 4'h5 | H21: 4'h5 | I21: 4'h5 | J21: 4'h5 | K21: 4'h5 | L21: 4'h5 | M21: 4'h5 | N21: 4'h5 | O21: 4'h5 | P21: 4'h5 | Q21: 4'h5 | R21: 4'h5 | S21: 4'h5 | T21: 4'h5 | U21: 4'h5 | V21: 4'h5 | W21: 4'h5 | X21: 4'h5 | Y21: 4'h5 | Z21: 4'h5 | AA21: 4'h5 | AB21: 4'h5 | AC21: 4'h5 | AD21: 4'h5 | AE21: 4'h5 | AF21: 4'h5 | AG21: 4'h5 | AH21: 4'h5 | AI21: 4'h5 | AJ21: 4'h5 | AK21: 4'h5 | AL21: 4'h5 | AM21: 4'h5 | AN21: 4'h5
C23: 0x180C[17] (msf_soctrim0[113]) | D23: syscon_device_type[17] | E23: =DEVICE_TYPE!C7 -> 1'h0 | F23: =DEVICE_TYPE!D7 -> 1'h0 | G23: =DEVICE_TYPE!E7 -> 1'h0 | H23: =DEVICE_TYPE!F7 -> 1'h0 | I23: =DEVICE_TYPE!G7 -> 1'h0 | J23: =DEVICE_TYPE!H7 -> 1'h0 | K23: =DEVICE_TYPE!I7 -> 1'h0 | L23: =DEVICE_TYPE!J7 -> 1'h0 | ... AA23: =DEVICE_TYPE!Y7 -> 1'h1 | AB23: =DEVICE_TYPE!AA7 -> 1'h0 | AC23: =DEVICE_TYPE!AB7 -> 1'h0 | AD23: =DEVICE_TYPE!AC7 -> 1'h0 | AE23: =DEVICE_TYPE!AD7 -> 1'h0 | AF23: =DEVICE_TYPE!AE7 -> 1'h0 | AG23: =DEVICE_TYPE!AF7 -> 1'h0 | AH23: =DEVICE_TYPE!AG7 -> 1'h0 | AI23: =DEVICE_TYPE!AH7 -> 1'h0 | ... AN23: =DEVICE_TYPE!AM7 -> 1'h0
E24: Note: DEVICE_ID ROM_REV_MINOR should be same with the ROM patch version provided by ROM team. | S24: =E24 -> Note: DEVICE_ID ROM_REV_MINOR should be same with the ROM patch version provided by ROM team. | AE24: =E24 -> Note: DEVICE_ID ROM_REV_MINOR should be same with the ROM patch version provided by ROM team.
B36: Note: 1. Referenced Nirvana part configuration v1.4 https://nxp1.sharepoint.com/:x:/r/sites/MCUlibrary/nirvana/02_Marketing/Nirvana%20part%20configuration%20v1.4.xlsx?d=wb7e719fdcc4d4d65a3b4eea68300ea81&csf=1&web=1&e=Akaidi 2. 11/18/2021 Marketing udpated NX32N34x/54x phantom option. Non Secure part Peripher_EN2 bit 18 is 0. S50 should be disabled. 3. ROM Patch Version must be align with the parch programmed to IFR1, which is done by NXP"

Sheet nirvana1_phantom_2P02G
B3: Secure Phantom | C3: IFR1 location | D3: Registers | E3: =Peripheral_EN0!Y3 -> MCXN556SCDFT | F3: =Peripheral_EN0!Z3 -> MCXN557SCDFT
C4: 0x1640 | D4: MSIZE[MAXADDR0] | E4: ='Flash Size'!Y3 -> 8'h10 | F4: ='Flash Size'!Z3 -> 8'h20
C5: 0x1641 | D5: MSIZE[MAXADDR1] | E5: ='Flash Size'!Y4 -> 8'h10 | F5: ='Flash Size'!Z4 -> 8'h20
C6: 0x1808[11:8] (msf_soctrim0[75:72]) | D6: ROM_HIDE_XOM[3:0] | E6: 4'h0 | F6: 4'h0
C7: 0x1808[15:12] (msf_soctrim0[79:76]) | D7: CM33_CFG_SEC_EXT[3:0] | E7: 4'h0 | F7: 4'h0
C8: 0x180C[15:0] (msf_soctrim0[111:96]) | D8: syscon_device_type[15:0] | E8: =DEVICE_TYPE!Y3 -> 16'h1556 | F8: =DEVICE_TYPE!Z3 -> 16'h1557
C9: 0x180C[16] (msf_soctrim0[112]) | D9: syscon_device_type[16] | E9: =DEVICE_TYPE!Y4 -> 1'h1 | F9: =DEVICE_TYPE!Z4 -> 1'h1
C10: 0x180C[23:20] (msf_soctrim0[119:116]) | D10: syscon_device_type[23:20] | E10: =DEVICE_TYPE!Y5 -> 4'h2 | F10: =DEVICE_TYPE!Z5 -> 4'h2
C11: 0x180C[31:24] (msf_soctrim0[127:120]) | D11: syscon_device_type[31:24] | E11: =DEVICE_TYPE!Y6 -> 8'hB8 | F11: =DEVICE_TYPE!Z6 -> 8'hB8
C12: 0x1880 | D12: Peripheral_EN0 | E12: =Peripheral_EN0!Y37 -> 32'hBEFBF800 | F12: =Peripheral_EN0!Z37 -> 32'hBEFBF800
C13: 0x1884 | D13: Peripheral_EN1 | E13: =Peripheral_EN1!Y37 -> 32'hEFFFFF3F | F13: =Peripheral_EN1!Z37 -> 32'hEFFFFF3F
C14: 0x1888 | D14: Peripheral_EN2 | E14: =Peripheral_EN2!Y37 -> 32'hA3EF597F | F14: =Peripheral_EN2!Z37 -> 32'hA3EF597F
C15: 0x188C | D15: Peripheral_EN3 | E15: =Peripheral_EN3!Y37 -> 32'h0FE80F53 | F15: =Peripheral_EN3!Z37 -> 32'h0FE80F53
C16: 0x1890 | D16: Misc_Phantom | E16: =Misc_Phantom!Y37 -> 32'h07FF0FF3 | F16: =Misc_Phantom!Z37 -> 32'h07FF0FF3
C18: 0x180A[3:0] (msf_soctrim0[83:80]) | D18: DEVICE_ID.RAM_SIZE | E18: 4'hB | F18: 4'hB
C19: 0x180A[7:4] (msf_soctrim0[87:84]) | D19: DEVICE_ID.FLASH_SIZE | E19: 4'h6 | F19: 4'h8
C20: 0x180A[7:4] (msf_soctrim0[91:88]) | D20: DEVICE_ID.ROMPATCH_VERSION | E20: 4'h4 | F20: 4'h4
C21: 0x180A[7:4] (msf_soctrim0[95:92]) | D21: DEVICE_ID.SECURITY | E21: 4'h5 | F21: 4'h5
C23: 0x180C[17] (msf_soctrim0[113]) | D23: syscon_device_type[17] | E23: =DEVICE_TYPE!Y7 -> 1'h1 | F23: =DEVICE_TYPE!Z7 -> 1'h1
E24: Note: DEVICE_ID ROM_REV_MINOR should be same with the ROM patch version provided by ROM team.
B36: Note: 1. Referenced Nirvana part configuration v1.4 https://nxp1.sharepoint.com/:x:/r/sites/MCUlibrary/nirvana/02_Marketing/Nirvana%20part%20configuration%20v1.4.xlsx?d=wb7e719fdcc4d4d65a3b4eea68300ea81&csf=1&web=1&e=Akaidi 2. 11/18/2021 Marketing udpated NX32N34x/54x phantom option. Non Secure part Peripher_EN2 bit 18 is 0. S50 should be disabled. 3. ROM Patch Version must be align with the parch programmed to IFR1, which is done by NXP"

Sheet nirvana1_phantom_3P02G
B3: Secure Phantom | C3: IFR1 location | D3: Registers | E3: =Peripheral_EN0!Y2 -> MCXN556TCDFT | F3: =Peripheral_EN0!Z2 -> MCXN557TCDFT | G3: =Peripheral_EN0!C2 -> MCXN947TVDF | H3: =Peripheral_EN0!D2 -> MCXN947TVPB | I3: =Peripheral_EN0!E2 -> MCXN947TVKL | J3: =Peripheral_EN0!F2 -> MCXN947TVABR | K3: =Peripheral_EN0!G2 -> MCXN946TVDF | L3: =Peripheral_EN0!H2 -> MCXN946TVPB | M3: =Peripheral_EN0!I2 -> MCXN946TVKL | N3: =Peripheral_EN0!J2 -> MCXN946TVABR | ... AQ3: =Peripheral_EN0!AM2 -> MCXN536TVABR
C4: 0x1640 | D4: MSIZE[MAXADDR0] | E4: ='Flash Size'!Y3 -> 8'h10 | F4: ='Flash Size'!Z3 -> 8'h20 | G4: ='Flash Size'!C3 -> 8'h20 | H4: ='Flash Size'!D3 -> 8'h20 | I4: ='Flash Size'!E3 -> 8'h20 | J4: ='Flash Size'!F3 -> 8'h20 | K4: ='Flash Size'!G3 -> 8'h10 | L4: ='Flash Size'!H3 -> 8'h10 | M4: ='Flash Size'!I3 -> 8'h10 | N4: ='Flash Size'!J3 -> 8'h10 | ... AQ4: ='Flash Size'!AM3 -> 8'h10
C5: 0x1641 | D5: MSIZE[MAXADDR1] | E5: ='Flash Size'!Y4 -> 8'h10 | F5: ='Flash Size'!Z4 -> 8'h20 | G5: ='Flash Size'!C4 -> 8'h20 | H5: ='Flash Size'!D4 -> 8'h20 | I5: ='Flash Size'!E4 -> 8'h20 | J5: ='Flash Size'!F4 -> 8'h20 | K5: ='Flash Size'!G4 -> 8'h10 | L5: ='Flash Size'!H4 -> 8'h10 | M5: ='Flash Size'!I4 -> 8'h10 | N5: ='Flash Size'!J4 -> 8'h10 | ... AQ5: ='Flash Size'!AM4 -> 8'h10
C6: 0x1808[11:8] (msf_soctrim0[75:72]) | D6: ROM_HIDE_XOM[3:0] | E6: 4'h0 | F6: 4'h0 | G6: 4'h0 | H6: =G6 -> 4'h0 | I6: =H6 -> 4'h0 | J6: =I6 -> 4'h0 | K6: =J6 -> 4'h0 | L6: =K6 -> 4'h0 | M6: =L6 -> 4'h0 | N6: =M6 -> 4'h0 | O6: =N6 -> 4'h0 | ... AQ6: =AP6 -> 4'h0
C7: 0x1808[15:12] (msf_soctrim0[79:76]) | D7: CM33_CFG_SEC_EXT[3:0] | E7: 4'h0 | F7: 4'h0 | G7: 4'h0 | H7: =G7 -> 4'h0 | I7: =H7 -> 4'h0 | J7: =I7 -> 4'h0 | K7: =J7 -> 4'h0 | L7: =K7 -> 4'h0 | M7: =L7 -> 4'h0 | N7: =M7 -> 4'h0 | O7: =N7 -> 4'h0 | ... AQ7: =AP7 -> 4'h0
C8: 0x180C[15:0] (msf_soctrim0[111:96]) | D8: syscon_device_type[15:0] | E8: =DEVICE_TYPE!Y3 -> 16'h1556 | F8: =DEVICE_TYPE!Z3 -> 16'h1557 | G8: =DEVICE_TYPE!C3 -> 16'h1947 | H8: =DEVICE_TYPE!D3 -> 16'h1947 | I8: =DEVICE_TYPE!E3 -> 16'h1947 | J8: =DEVICE_TYPE!F3 -> 16'h1947 | K8: =DEVICE_TYPE!G3 -> 16'h1946 | L8: =DEVICE_TYPE!H3 -> 16'h1946 | M8: =DEVICE_TYPE!I3 -> 16'h1946 | N8: =DEVICE_TYPE!J3 -> 16'h1946 | ... AQ8: =DEVICE_TYPE!AM3 -> 16'h1536
C9: 0x180C[16] (msf_soctrim0[112]) | D9: syscon_device_type[16] | E9: =DEVICE_TYPE!Y4 -> 1'h1 | F9: =DEVICE_TYPE!Z4 -> 1'h1 | G9: =DEVICE_TYPE!C4 -> 1'h1 | H9: =DEVICE_TYPE!D4 -> 1'h1 | I9: =DEVICE_TYPE!E4 -> 1'h1 | J9: =DEVICE_TYPE!F4 -> 1'h1 | K9: =DEVICE_TYPE!G4 -> 1'h1 | L9: =DEVICE_TYPE!H4 -> 1'h1 | M9: =DEVICE_TYPE!I4 -> 1'h1 | N9: =DEVICE_TYPE!J4 -> 1'h1 | ... AQ9: =DEVICE_TYPE!AM4 -> 1'h1
C10: 0x180C[23:20] (msf_soctrim0[119:116]) | D10: syscon_device_type[23:20] | E10: =DEVICE_TYPE!Y5 -> 4'h2 | F10: =DEVICE_TYPE!Z5 -> 4'h2 | G10: =DEVICE_TYPE!C5 -> 4'h2 | H10: =DEVICE_TYPE!D5 -> 4'h3 | I10: =DEVICE_TYPE!E5 -> 4'h0 | J10: =DEVICE_TYPE!F5 -> 4'h5 | K10: =DEVICE_TYPE!G5 -> 4'h2 | L10: =DEVICE_TYPE!H5 -> 4'h3 | M10: =DEVICE_TYPE!I5 -> 4'h0 | N10: =DEVICE_TYPE!J5 -> 4'h5 | ... AQ10: =DEVICE_TYPE!AM5 -> 4'h5
C11: 0x180C[31:24] (msf_soctrim0[127:120]) | D11: syscon_device_type[31:24] | E11: =DEVICE_TYPE!Y6 -> 8'hB8 | F11: =DEVICE_TYPE!Z6 -> 8'hB8 | G11: =DEVICE_TYPE!C6 -> 8'hB8 | H11: =DEVICE_TYPE!D6 -> 8'hAC | I11: =DEVICE_TYPE!E6 -> 8'h64 | J11: =DEVICE_TYPE!F6 -> 8'h7B | K11: =DEVICE_TYPE!G6 -> 8'hB8 | L11: =DEVICE_TYPE!H6 -> 8'hAC | M11: =DEVICE_TYPE!I6 -> 8'h64 | N11: =DEVICE_TYPE!J6 -> 8'h7B | ... AQ11: =DEVICE_TYPE!AM6 -> 8'h7B
C12: 0x1880 | D12: Peripheral_EN0 | E12: =Peripheral_EN0!Y37 -> 32'hBEFBF800 | F12: =Peripheral_EN0!Z37 -> 32'hBEFBF800 | G12: =Peripheral_EN0!C37 -> 32'hBEFBF800 | H12: =Peripheral_EN0!D37 -> 32'hBEFBF800 | I12: =Peripheral_EN0!E37 -> 32'hBEFBF800 | J12: =Peripheral_EN0!F37 -> 32'hBEFBF800 | K12: =Peripheral_EN0!G37 -> 32'hBEFBF800 | L12: =Peripheral_EN0!H37 -> 32'hBEFBF800 | M12: =Peripheral_EN0!I37 -> 32'hBEFBF800 | N12: =Peripheral_EN0!J37 -> 32'hBEFBF800 | ... AQ12: =Peripheral_EN0!AM37 -> 32'hBEFBF800
C13: 0x1884 | D13: Peripheral_EN1 | E13: =Peripheral_EN1!Y37 -> 32'hEFFFFF3F | F13: =Peripheral_EN1!Z37 -> 32'hEFFFFF3F | G13: =Peripheral_EN1!C37 -> 32'hEFFFFF3F | H13: =Peripheral_EN1!D37 -> 32'hEFFFFF3F | I13: =Peripheral_EN1!E37 -> 32'hEFDFFC3F | J13: =Peripheral_EN1!F37 -> 32'hEFFFFF3F | K13: =Peripheral_EN1!G37 -> 32'hEFDFFC3F | L13: =Peripheral_EN1!H37 -> 32'hEFDFFC3F | M13: =Peripheral_EN1!I37 -> 32'hEFDFFC3F | N13: =Peripheral_EN1!J37 -> 32'hEFDFFC3F | ... AQ13: =Peripheral_EN1!AM37 -> 32'hEC7FFC3F
C14: 0x1888 | D14: Peripheral_EN2 | E14: =Peripheral_EN2!Y37 -> 32'hA3EF597F | F14: =Peripheral_EN2!Z37 -> 32'hA3EF597F | G14: =Peripheral_EN2!C37 -> 32'hA3FFD97F | H14: =Peripheral_EN2!D37 -> 32'hA3FFD97F | I14: =Peripheral_EN2!E37 -> 32'hA3FCD977 | J14: =Peripheral_EN2!F37 -> 32'hA3FFD97F | K14: =Peripheral_EN2!G37 -> 32'hA3FFD977 | L14: =Peripheral_EN2!H37 -> 32'hA3FFD977 | M14: =Peripheral_EN2!I37 -> 32'hA3FCD977 | N14: =Peripheral_EN2!J37 -> 32'hA3FFD977 | ... AQ14: =Peripheral_EN2!AM37 -> 32'h23EF597A
C15: 0x188C | D15: Peripheral_EN3 | E15: =Peripheral_EN3!Y37 -> 32'h0FE80F53 | F15: =Peripheral_EN3!Z37 -> 32'h0FE80F53 | G15: =Peripheral_EN3!C37 -> 32'h0FFCFFFF | H15: =Peripheral_EN3!D37 -> 32'h0FFCFFFF | I15: =Peripheral_EN3!E37 -> 32'h0FBCFFFF | J15: =Peripheral_EN3!F37 -> 32'h0FFCFFFF | K15: =Peripheral_EN3!G37 -> 32'h0FBCFFFF | L15: =Peripheral_EN3!H37 -> 32'h0FBCFFFF | M15: =Peripheral_EN3!I37 -> 32'h0FBCFFFF | N15: =Peripheral_EN3!J37 -> 32'h0FBCFFFF | ... AQ15: =Peripheral_EN3!AM37 -> 32'h0FECE643
C16: 0x1890 | D16: Misc_Phantom | E16: =Misc_Phantom!Y37 -> 32'h07FF0FF3 | F16: =Misc_Phantom!Z37 -> 32'h07FF0FF3 | G16: =Misc_Phantom!C37 -> 32'h07FF0F03 | H16: =Misc_Phantom!D37 -> 32'h07FF0F03 | I16: =Misc_Phantom!E37 -> 32'h07FF0F03 | J16: =Misc_Phantom!F37 -> 32'h07FF0F03 | K16: =Misc_Phantom!G37 -> 32'h07FF0F72 | L16: =Misc_Phantom!H37 -> 32'h07FF0F72 | M16: =Misc_Phantom!I37 -> 32'h07FF0F72 | N16: =Misc_Phantom!J37 -> 32'h07FF0F72 | ... AQ16: =Misc_Phantom!AM37 -> 32'h07FF0FF2
C18: 0x180A[3:0] (msf_soctrim0[83:80]) | D18: DEVICE_ID.RAM_SIZE | E18: 4'hB | F18: 4'hB | G18: =nirvana1_phantom_1P02G!E18 -> 4'hB | H18: =nirvana1_phantom_1P02G!F18 -> 4'hB | I18: =nirvana1_phantom_1P02G!G18 -> 4'hB | J18: =nirvana1_phantom_1P02G!H18 -> 4'hB | K18: =nirvana1_phantom_1P02G!I18 -> 4'hA | L18: =nirvana1_phantom_1P02G!J18 -> 4'hA | M18: =nirvana1_phantom_1P02G!K18 -> 4'hA | N18: =nirvana1_phantom_1P02G!L18 -> 4'hA | ... AB18: =nirvana1_phantom_1P02G!Z18 -> 4'hA | AC18: =E18 -> 4'hB | AD18: =F18 -> 4'hB | AE18: =nirvana1_phantom_1P02G!AB18 -> 4'hB | AF18: =nirvana1_phantom_1P02G!AC18 -> 4'hB | AG18: =nirvana1_phantom_1P02G!AD18 -> 4'hB | AH18: =nirvana1_phantom_1P02G!AE18 -> 4'hB | AI18: =nirvana1_phantom_1P02G!AF18 -> 4'hA | AJ18: =nirvana1_phantom_1P02G!AG18 -> 4'hB | AK18: =nirvana1_phantom_1P02G!AH18 -> 4'hB | AL18: =nirvana1_phantom_1P02G!AI18 -> 4'hB | ... AQ18: =nirvana1_phantom_1P02G!AN18 -> 4'hA
C19: 0x180A[7:4] (msf_soctrim0[87:84]) | D19: DEVICE_ID.FLASH_SIZE | E19: 4'h6 | F19: 4'h8 | G19: =nirvana1_phantom_1P02G!E19 -> 4'h8 | H19: =nirvana1_phantom_1P02G!F19 -> 4'h8 | I19: =nirvana1_phantom_1P02G!G19 -> 4'h8 | J19: =nirvana1_phantom_1P02G!H19 -> 4'h8 | K19: =nirvana1_phantom_1P02G!I19 -> 4'h6 | L19: =nirvana1_phantom_1P02G!J19 -> 4'h6 | M19: =nirvana1_phantom_1P02G!K19 -> 4'h6 | N19: =nirvana1_phantom_1P02G!L19 -> 4'h6 | ... AB19: =nirvana1_phantom_1P02G!Z19 -> 4'h6 | AC19: =E19 -> 4'h6 | AD19: =F19 -> 4'h8 | AE19: =nirvana1_phantom_1P02G!AB19 -> 4'h8 | AF19: =nirvana1_phantom_1P02G!AC19 -> 4'h8 | AG19: =nirvana1_phantom_1P02G!AD19 -> 4'h8 | AH19: =nirvana1_phantom_1P02G!AE19 -> 4'h8 | AI19: =nirvana1_phantom_1P02G!AF19 -> 4'h6 | AJ19: =nirvana1_phantom_1P02G!AG19 -> 4'h8 | AK19: =nirvana1_phantom_1P02G!AH19 -> 4'h8 | AL19: =nirvana1_phantom_1P02G!AI19 -> 4'h8 | ... AQ19: =nirvana1_phantom_1P02G!AN19 -> 4'h6
C20: 0x180A[7:4] (msf_soctrim0[91:88]) | D20: DEVICE_ID.ROMPATCH_VERSION
C21: 0x180A[7:4] (msf_soctrim0[95:92]) | D21: DEVICE_ID.SECURITY | E21: 4'h5 | F21: 4'h5 | G21: =nirvana1_phantom_1P02G!E21 -> 4'h5 | H21: =nirvana1_phantom_1P02G!F21 -> 4'h5 | I21: =nirvana1_phantom_1P02G!G21 -> 4'h5 | J21: =nirvana1_phantom_1P02G!H21 -> 4'h5 | K21: =nirvana1_phantom_1P02G!I21 -> 4'h5 | L21: =nirvana1_phantom_1P02G!J21 -> 4'h5 | M21: =nirvana1_phantom_1P02G!K21 -> 4'h5 | N21: =nirvana1_phantom_1P02G!L21 -> 4'h5 | ... AB21: =nirvana1_phantom_1P02G!Z21 -> 4'h5 | AC21: =E21 -> 4'h5 | AD21: =F21 -> 4'h5 | AE21: =nirvana1_phantom_1P02G!AB21 -> 4'h5 | AF21: =nirvana1_phantom_1P02G!AC21 -> 4'h5 | AG21: =nirvana1_phantom_1P02G!AD21 -> 4'h5 | AH21: =nirvana1_phantom_1P02G!AE21 -> 4'h5 | AI21: =nirvana1_phantom_1P02G!AF21 -> 4'h5 | AJ21: =nirvana1_phantom_1P02G!AG21 -> 4'h5 | AK21: =nirvana1_phantom_1P02G!AH21 -> 4'h5 | AL21: =nirvana1_phantom_1P02G!AI21 -> 4'h5 | ... AQ21: =nirvana1_phantom_1P02G!AN21 -> 4'h5
C23: 0x180C[17] (msf_soctrim0[113]) | D23: syscon_device_type[17] | E23: =DEVICE_TYPE!Y7 -> 1'h1 | F23: =DEVICE_TYPE!Z7 -> 1'h1 | G23: =DEVICE_TYPE!C14 -> 1'h1 | H23: =DEVICE_TYPE!D14 -> 1'h1 | I23: =DEVICE_TYPE!E14 -> 1'h1 | J23: =DEVICE_TYPE!F14 -> 1'h1 | K23: =DEVICE_TYPE!G14 -> 1'h1 | L23: =DEVICE_TYPE!H14 -> 1'h1 | M23: =DEVICE_TYPE!I14 -> 1'h1 | N23: =DEVICE_TYPE!J14 -> 1'h1 | ... AB23: =DEVICE_TYPE!X14 -> 1'h1 | AC23: =E23 -> 1'h1 | AD23: =F23 -> 1'h1 | AE23: =nirvana1_phantom_1P02G!AB23 -> 1'h0 | AF23: =nirvana1_phantom_1P02G!AC23 -> 1'h0 | AG23: =nirvana1_phantom_1P02G!AD23 -> 1'h0 | AH23: =nirvana1_phantom_1P02G!AE23 -> 1'h0 | AI23: =nirvana1_phantom_1P02G!AF23 -> 1'h0 | AJ23: =nirvana1_phantom_1P02G!AG23 -> 1'h0 | AK23: =nirvana1_phantom_1P02G!AH23 -> 1'h0 | AL23: =nirvana1_phantom_1P02G!AI23 -> 1'h0 | ... AQ23: =nirvana1_phantom_1P02G!AN23 -> 1'h0
E24: Note: DEVICE_ID ROM_REV_MINOR should be same with the ROM patch version provided by ROM team.
B36: Note: 1. Referenced Nirvana part configuration v1.4 https://nxp1.sharepoint.com/:x:/r/sites/MCUlibrary/nirvana/02_Marketing/Nirvana%20part%20configuration%20v1.4.xlsx?d=wb7e719fdcc4d4d65a3b4eea68300ea81&csf=1&web=1&e=Akaidi 2. 11/18/2021 Marketing udpated NX32N34x/54x phantom option. Non Secure part Peripher_EN2 bit 18 is 0. S50 should be disabled. 3. ROM Patch Version must be align with the parch programmed to IFR1, which is done by NXP"

Sheet TRNG Config 1P02G
A1: Address | B1: Description | C1: A0 Value | D1: A1 Value | E1: Owner
A2: 0x0110_0020 | B2: s50_dtrng_config->cfg.MCTL | C2: 0x00010001 | D2: 0x00010001 | E2: FVAL & RNG board
A3: 0x0110_0024 | B3: s50_dtrng_config->cfg.SCMISC | C3: 0x00010020 | D3: 0x00010020 | E3: FVAL & RNG board
A4: 0x0110_0028 | B4: s50_dtrng_config->cfg.SDCTL | C4: 0x75300400 | D4: 0x7D000400 | E4: FVAL & RNG board
A5: 0x0110_002C | B5: s50_dtrng_config->cfg.FRQMIN | C5: 0x00006B47 | D5: 0x00004E20 | E5: FVAL & RNG board
A6: 0x0110_0030 | B6: dtrng_config->cfg.FRQMAX | C6: 0x0000A92C | D6: 0x0000D6D8 | E6: FVAL & RNG board
A7: 0x0110_0034 | B7: s50_dtrng_config->cfg.SCML | C7: 0x00A90254 | D7: 0x00A90254 | E7: FVAL & RNG board
A8: 0x0110_0038 | B8: s50_dtrng_config->cfg.SCR1L | C8: 0x007000BB | D8: 0x007000BB | E8: FVAL & RNG board
A9: 0x0110_003C | B9: s50_dtrng_config->cfg.SCR2L | C9: 0x004D0069 | D9: 0x004D0069 | E9: FVAL & RNG board
A10: 0x0110_0040 | B10: s50_dtrng_config->cfg.SCR3L | C10: 0x00400061 | D10: 0x00400061 | E10: FVAL & RNG board
A11: 0x0110_0044 | B11: s50_dtrng_config->cfg.SEC_CFG | C11: 0x00000000 | D11: 0x00000000 | E11: FVAL & RNG board
A12: 0x0110_0048 | B12: s50_dtrng_config->cfg.INT_CTRL | C12: 0x00000007 | D12: 0x00000007 | E12: FVAL & RNG board
... A22: 0x0110_0070 | B22: s50_dtrng_config->HMAC[7] | C22: 0xbc213714 | D22: 0xC6BA4542 | E22: STEC (Martin)
A23: 0x0110_0074 | B23: TRNG2_CFG0
A24: 0x0110_0078 | B24: TRNG2_CFG1
A25: 0x0110_007C | B25: TRNG2_CFG2

Sheet TRNG Config 2P02G
A1: Address | B1: Description | C1: A1.1 Value | D1: Owner
A2: 0x0110_0020 | B2: s50_dtrng_config->cfg.MCTL | C2: 0x00010001 | D2: FVAL & RNG board
A3: 0x0110_0024 | B3: s50_dtrng_config->cfg.SCMISC | C3: 0x00010020 | D3: FVAL & RNG board
A4: 0x0110_0028 | B4: s50_dtrng_config->cfg.SDCTL | C4: 0x7D000400 | D4: FVAL & RNG board
A5: 0x0110_002C | B5: s50_dtrng_config->cfg.FRQMIN | C5: 0x00004E20 | D5: FVAL & RNG board
A6: 0x0110_0030 | B6: dtrng_config->cfg.FRQMAX | C6: 0x0000D6D8 | D6: FVAL & RNG board
A7: 0x0110_0034 | B7: s50_dtrng_config->cfg.SCML | C7: 0x00A90254 | D7: FVAL & RNG board
A8: 0x0110_0038 | B8: s50_dtrng_config->cfg.SCR1L | C8: 0x007000BB | D8: FVAL & RNG board
A9: 0x0110_003C | B9: s50_dtrng_config->cfg.SCR2L | C9: 0x004D0069 | D9: FVAL & RNG board
A10: 0x0110_0040 | B10: s50_dtrng_config->cfg.SCR3L | C10: 0x00400061 | D10: FVAL & RNG board
A11: 0x0110_0044 | B11: s50_dtrng_config->cfg.SEC_CFG | C11: 0x00000000 | D11: FVAL & RNG board
A12: 0x0110_0048 | B12: s50_dtrng_config->cfg.INT_CTRL | C12: 0x00000007 | D12: FVAL & RNG board
... A22: 0x0110_0070 | B22: s50_dtrng_config->HMAC[7] | C22: 0xC6BA4542 | D22: STEC (Martin)
A23: 0x0110_0074 | B23: TRNG2_CFG0
A24: 0x0110_0078 | B24: TRNG2_CFG1
A25: 0x0110_007C | B25: TRNG2_CFG2

Sheet TRNG Config 3P02G
